objid,crowded,badbkgmatch,ra,dec,l,b,nmatches,nreject,nbands,i1_fluxtype,i2_fluxtype,i3_fluxtype,i4_fluxtype,m1_fluxtype,i1_fluxflag,i2_fluxflag,i3_fluxflag,i4_fluxflag,m1_fluxflag,i1_softsatflag,i2_softsatflag,i3_softsatflag,i4_softsatflag,i1_f_ap2,i1_df_ap2,i2_f_ap2,i2_df_ap2,i3_f_ap2,i3_df_ap2,i4_f_ap2,i4_df_ap2,m1_f_psf,m1_df_psf,i1_extfrac,i2_extfrac,i3_extfrac,i4_extfrac,m1_extfrac,i1_brtfrac,i2_brtfrac,i3_brtfrac,i4_brtfrac,m1_brtfrac,i1_snr,i2_snr,i3_snr,i4_snr,m1_snr,i1_seflags,i2_seflags,i3_seflags,i4_seflags,m1_dflag,m1_sflag,i1_meannoise,i2_meannoise,i3_meannoise,i4_meannoise,m1_meannoise,smid,regid,irac_obstype,mips_obstype,i1_coverage,i2_coverage,i3_coverage,i4_coverage,m1_coverage,twomass_key,twomass_assoc,twomass_ra,twomass_dec,j,dj,h,dh,k,dk,DR3Name,RAdeg,DEdeg,errHalfMaj,errHalfMin,errPosAng,SolID,Source,RandomI,e_RAdeg,e_DEdeg,Plx,e_Plx,RPlx,PM,pmRA,e_pmRA,pmDE,e_pmDE,RADEcor,RAPlxcor,RApmRAcor,RApmDEcor,DEPlxcor,DEpmRAcor,DEpmDEcor,PlxpmRAcor,PlxpmDEcor,pmRApmDEcor,NAL,NAC,NgAL,NbAL,gofAL,chi2AL,epsi,sepsi,Solved,APF,nueff,pscol,e_pscol,RApscolCorr,DEpscolCorr,PlxpscolCorr,pmRApscolCorr,pmDEpscolCorr,MatchObsA,Nper,amax,MatchObs,IPDgofha,IPDgofhp,IPDfmp,IPDfow,RUWE,Dup,o_Gmag,FG,e_FG,RFG,Gmag,e_Gmag,o_BPmag,FBP,e_FBP,RFBP,BPmag,e_BPmag,o_RPmag,FRP,e_FRP,RFRP,RPmag,e_RPmag,E(BP/RP),NBPcont,NBPblend,NRPcont,NRPblend,Mode,BP-RP,BP-G,G-RP,RV,e_RV,n_RV,o_RV,o_RVd,RVNper,RVS/N,RVgof,RVchi2,RVTdur,RVamp,RVtempTeff,RVtemplogg,RVtemp[Fe/H],Vatmparam,vbroad,e_Vbroad,o_Vbroad,GRVSmag,e_GRVSmag,o_GRVSmag,RVSS/N,VarFlag,PQSO,PGal,PSS,Teff,b_Teff_x,B_Teff_xa,logg,b_logg_x,B_logg_xa,[Fe/H],b_[Fe/H]_x,B_[Fe/H]_xa,Dist,b_Dist_x,B_Dist_xa,A0,b_A0_x,B_A0_xa,AG,b_AG_x,B_AG_xa,E(BP-RP),b_E(BP-RP)_x,B_E(BP-RP)_xa,Lib,RAJ2000,DEJ2000,e_RAJ2000,e_DEJ2000,RADEcorJ2000,angDist
SSTSL2 J152742.67+023551.8,0,0,231.927823,2.597747,6.474539,45.311356,1,0,7,1,1,1,1,1,2,2,2,0,0,0,0,0,0,491700,456.4,304300,338.7,204700,205.6,117500,117.9,13860,33.72,0,0,0,0,0,0.95,0.95,1.02,0,0,999.8,875.4,836.4,816.7,411.2,0,0,0,0,N,-1,58.98,70.9,19.47,0,26.03,40033970,40033970-0,0,0,8.58,8.57,9.15,8.57,70.09,939871637,1,231.9279,2.597748,1317000,36390,1471000,48770,1134000,25080,Gaia DR3 4421274729329022336,231.9276779,2.597673374,0,0,57,1.63615E+018,4.42127E+018,228445224,0.0145,0.0142,35.3547,0.0192,1840.8713,55.004,-51.833,0.018,-18.405,0.02,0.0434,-0.2806,-0.0047,0.042,-0.4127,0.0107,0.0658,-0.0672,-0.2399,-0.3363,178,178,176,2,2.9555,415.13,0.082,7.5675,31,TRUE,1.396,,,,,,,,20,13,0.03038,22,0.02733,10.88,0,0,1.162,0,176,2623260.488,1035.93,2532.27,9.640264,0.002788,20,921833,1165.54,790.908,10.426911,0.00311,20,2444010,2652.26,921.48,8.777639,0.003959,1.283,0,0,0,0,0,1.649272,0.786648,0.862624,-42.54,0.16,1,9,3,7,121.97,-0.74827,0.585862,552.674,0.84,4250,4,0.5,111,,,,8.420857,0.006,5,,NOT_AVAILABLE,0,0,0.997667,,,,,,,,,,,,,,,,,,,,,,,231.9279085,2.597755173,0.291128,0.31327,-0.3389,0.58515
SSTSL2 J053049.72-670554.9,0,0,82.707184,-67.098598,277.220641,-32.640063,1,0,7,1,1,1,1,1,2,2,2,0,0,0,0,0,0,24090,16.81,16890,10.25,11190,18.49,6279,14.44,653.9,89.58,0,0,0,0,0,1.02,0.95,0.98,0,0,1272.7,1483.7,556.7,424.3,7.3,3,3,0,0,N,1,0.8192,1.12,3.643,4.535,50.56,40019951,40019951-344,0,0,3.91,5.21,3.96,5.76,23.77,866172809,1,82.70716,-67.09866,48750,987.9,53410,1181,45330,960.3,Gaia DR3 4660206027800195584,82.70736186,-67.09845648,0,0,165,1.63615E+018,4.66021E+018,551597121,0.0139,0.0148,19.6077,0.0145,1348.8395,49.525,19.057,0.018,45.712,0.02,-0.037,0.0086,-0.1306,-0.0099,0.1801,0.0266,-0.1838,0.177,-0.1374,-0.0938,331,0,330,1,1.5102,361.34,0,0,31,FALSE,1.249,,,,,,,,38,26,0.02887,88,0.02075,60.94,0,0,1.059,0,738,36342.84042,41.3538,878.828,14.28632,0.00302,84,5692.06,32.789,173.597,15.950368,0.006849,84,48059.7,144.98,331.491,13.043443,0.005001,1.479,0,0,0,0,0,2.906925,1.664048,1.242877,30.3,3.71,2,20,9,12,16.013,,,947.892,,3400,4.5,0.25,101,,,,12.474918,0.036553,12,,VARIABLE,0,0,0.992964,,,,,,,,,,,,,,,,,,,,,,,82.70714421,-67.09865964,0.287631,0.330409,-0.093,0.567153
SSTSL2 J153607.88+384214.4,0,0,234.032847,38.704015,62.261412,53.892852,1,0,7,1,1,1,1,1,2,2,2,0,0,0,0,0,0,16810,12.26,11560,11.17,7386,22.44,4244,16.59,581.9,70.11,0,0,0,0,0,1.02,1.02,0.92,0,0,1251.1,941.5,311.4,280.1,8.3,0,0,0,0,N,1,0.7914,1.031,4.98,0,29.22,50068730,50068730-0,0,0,2.05,3.06,2.78,3.05,5.58,576293521,1,234.0327,38.70392,35480,751.6,37390,861,31190,517.1,Gaia DR3 1377340147189201408,234.0329827,38.70411972,0,0,24,1.63615E+018,1.37734E+018,348875153,0.0104,0.0117,16.2643,0.0139,1173.9424,49.771,40.459,0.014,28.988,0.016,0.1356,-0.0753,0.1416,0.1087,-0.026,0.0863,-0.0678,-0.2309,-0.0387,0.2255,520,0,518,2,3.2786,593.28,0.039,0.86694,31,FALSE,1.292,,,,,,,,59,30,0.023793,63,0.002035,40.76,0,0,1.103,0,537,37723.53861,10.8498,3476.88,14.245836,0.002773,60,8112.8,13.8333,586.468,15.565615,0.003348,57,45013.8,33.8907,1328.21,13.114532,0.003867,1.408,0,0,0,2,0,2.451082,1.319778,1.131304,-36.29,1.9,2,26,6,20,13.927,,,907.313,,3400,4,-0.75,111,,,,12.591659,0.024163,21,,VARIABLE,0,0,0.992964,,,,,,,,,,,,,,,,,,,,,,,234.0327523,38.70399089,0.221318,0.262916,0.2171,0.536094
SSTSL2 J224656.98+602924.5,0,0,341.737456,60.490152,108.178973,1.234394,1,0,7,1,1,1,1,1,2,2,2,0,0,0,0,0,0,20870,12.47,14280,14.89,9729,21.56,5429,17.74,865,131.1,0,0,0,0,0,1.02,0.95,0.98,0,0,1513.7,854.8,410.9,347.1,6.6,2,0,0,0,N,1,1.081,1.251,4.432,6.351,76.77,30002711,30002711-30498,0,0,3.86,3.83,3.97,3.96,10.8,768649187,1,341.7374,60.49015,48800,988.8,56960,1417,44670,822.8,Gaia DR3 2200763065208696064,341.7375737,60.49017462,0,0,119,1.63615E+018,2.20076E+018,1665438030,0.0109,0.0099,10.6962,0.012,890.2731,26.068,25.66,0.014,4.595,0.012,-0.1722,-0.1489,-0.1334,-0.1345,0.2119,-0.1508,0.0482,-0.0103,0.0209,-0.2172,396,0,394,2,0.7614,380.29,0,0,31,FALSE,1.332,,,,,,,,46,27,0.020704,50,0.01983,15.39,0,0,1.027,0,391,67541.65263,26.6878,2530.81,13.613438,0.002789,47,18284.7,28.7847,635.223,14.683322,0.003272,45,73273.4,56.9132,1287.46,12.585529,0.003872,1.356,0,4,0,1,0,2.097793,1.069884,1.027908,-5.44,1.58,2,20,8,17,19.6,,,990.313,,3800,4.5,0,101,,,,12.12802,0.052268,13,,NOT_AVAILABLE,0,0,0.992964,3820.3,3819.4,3821.3,4.6995,4.6984,4.7006,-0.0011,-0.0036,0.0002,93.331,93.2221,93.4417,0.5802,0.5773,0.5829,0.4024,0.4004,0.4043,0.2299,0.2288,0.231,MARCS,341.7373421,60.4901542,0.229804,0.195389,-0.2023,0.223976
SSTSL2 J022523.15-733726.6,0,0,36.346464,-73.624064,294.251396,-41.883553,1,0,7,1,1,1,1,1,2,2,2,0,0,0,0,0,0,15220,10.49,10590,9.765,6844,16.9,3795,13.44,628.8,108.4,0,0,0,0,0,1.02,0.98,0.92,0,0,1310.5,978.7,353.3,288,5.8,2,0,0,0,N,1,0.7766,1.086,3.542,4.712,76.48,40045991,40045991-90,0,0,5.15,5.68,5.6,6.1,14.15,133953029,1,36.34728,-73.62395,35030,742,39370,870.3,30510,646.3,Gaia DR3 4643651402723638272,36.3464484,-73.62419264,0,0,76,1.63615E+018,4.64365E+018,418217938,0.0113,0.0101,10.1603,0.0114,887.4769,71.179,-48.273,0.013,-52.309,0.013,0.0614,0.3386,-0.1505,-0.1859,0.0885,-0.1278,-0.129,-0.0478,-0.2121,-0.0185,388,0,387,1,2.1949,417.99,0,0,31,FALSE,1.353,,,,,,,,44,28,0.018385,50,0.0173,62.75,0,0,1.08,0,404,56983.71091,11.8839,4795.04,13.79799,0.002765,47,17160.5,20.2187,848.746,14.752218,0.003069,46,58490.9,29.613,1975.18,12.830175,0.003819,1.328,0,1,0,0,0,1.922043,0.954228,0.967814,1.53,1.75,2,20,6,17,16.112,,,899.469,,3900,4.5,-0.25,101,,,,12.367833,0.030523,14,,NOT_AVAILABLE,0,0,0.000001,3816.8,3815.2,3818.7,4.7639,4.7616,4.7661,-0.3612,-0.3633,-0.3587,98.107,97.9897,98.2178,0.3224,0.3191,0.326,0.227,0.2247,0.2296,0.1264,0.1251,0.1278,PHOENIX,36.34720936,-73.62396015,0.211948,0.207205,-0.002,0.463367
SSTSL2 J012412.12-741735.2,0,0,21.050533,-74.293111,299.926254,-42.643395,1,0,7,1,1,1,1,1,2,2,2,0,0,0,0,0,0,20540,14.92,13700,10.4,9198,18.12,5082,13.77,482.2,71.97,0,0,0,0,0,1.02,0.95,1.02,0,0,1217.9,1189.1,436.1,401.3,6.7,0,0,0,0,N,1,0.7788,1.054,3.328,4.632,49.44,40045991,40045991-121,0,0,6.06,3.83,7.16,4.09,32.68,52690547,1,21.04984,-74.29308,42420,820.5,50490,1116,40440,782.2,Gaia DR3 4686158419175729408,21.05069265,-74.29318794,0,0,91,1.63615E+018,4.68616E+018,338932896,0.0137,0.0111,11.4383,0.0133,860.6391,53.795,48.857,0.016,-22.515,0.014,-0.0071,0.1733,-0.3543,-0.0435,-0.1013,-0.0212,-0.001,-0.0618,-0.2141,-0.0421,377,0,377,0,2.9146,429.97,0.016,0.1274,31,FALSE,1.284,,,,,,,,43,27,0.022705,47,0.01658,128.3,0,0,1.108,0,393,43314.40956,18.9153,2289.92,14.095786,0.002796,41,8842.74,15.7757,560.528,15.472075,0.003397,43,52800.9,53.5942,985.198,12.941292,0.003937,1.423,0,0,0,1,0,2.530784,1.376289,1.154494,13.31,1.53,2,24,1,20,18.197,,,972.648,,3500,4,-0.5,111,,,,12.385067,0.021544,23,,NOT_AVAILABLE,0,0,0.000001,3493.3,3491.3,3495.3,4.6378,4.6333,4.6414,-0.1126,-0.1301,-0.0974,87.519,87.4111,87.6222,0.619,0.6156,0.6225,0.4067,0.4044,0.409,0.2568,0.2554,0.2582,MARCS,21.04989054,-74.29308787,0.258645,0.223017,-0.0379,0.317685
SSTSL2 J122150.00-632440.1,0,0,185.458353,-63.411157,299.626388,-0.729571,1,0,7,1,1,1,1,1,2,2,2,2,1,0,0,0,0,106600,106.5,71100,91.34,44940,223.2,26760,58.98,3351,120.1,0,0,0,0,1.01,1.02,0.95,1.02,0.98,0,912,698,181.1,373.6,27.9,2,2,0,0,N,1,9.752,10.73,34.2,23.91,79.65,30002561,30002561-27997,0,0,2.06,9.57,2.05,5.93,15.48,918722546,1,185.4585,-63.41114,255600,5415,307600,7083,230800,4251,Gaia DR3 6053774103316625664,185.4580479,-63.41119928,0,0,36,1.63615E+018,6.05377E+018,982134190,0.0093,0.0098,9.8184,0.0118,831.9132,40.911,-39.281,0.012,-11.431,0.013,0.1347,-0.2207,-0.3589,0.0203,-0.0146,0.0466,-0.1903,0.1681,0.1041,0.2471,417,417,414,3,-5.2611,627.71,0.057,3.8527,31,TRUE,1.374,,,,,,,,48,25,0.019712,56,0.008701,73.58,1,0,0.821,0,464,414730.8522,427.537,970.046,11.642951,0.002974,52,135803,507.457,267.615,12.506269,0.004924,52,407514,1036.76,393.066,10.722539,0.004681,1.31,0,0,0,0,0,1.78373,0.863317,0.920412,-4.48,9.08,1,14,8,12,55.055,30.006,0,821.759,80.95,4250,3,-2,111,,,,10.322839,0.021876,5,,NOT_AVAILABLE,0,0,0.996487,4626.5,4557.1,4737.3,4.2457,4.1867,4.2984,-0.6557,-0.7591,-0.4427,101.1953,100.3709,101.9037,1.4935,1.4175,1.5882,1.1141,1.0544,1.1873,0.5998,0.5679,0.6379,PHOENIX,185.458438,-63.41114848,0.190734,0.214623,0.2374,0.514633
SSTSL2 J020521.88-751346.5,0,0,31.341198,-75.229589,296.784195,-41.004083,1,0,7,1,1,1,1,1,2,2,2,0,0,0,0,0,0,19390,12.7,12260,10.77,8379,21.12,4721,14.71,601.6,83.55,0,0,0,0,0,0.95,1.02,1.02,0,0,1352.6,1001.4,348.9,312.2,7.2,0,0,0,0,N,1,0.7821,1.083,3.52,5.396,51.98,40045991,40045991-50,0,0,1.95,4.31,2.75,4.87,22.98,133839957,1,31.3404,-75.22966,41300,1027,49930,1242,38940,896.6,Gaia DR3 4637445415499709056,31.34167188,-75.22952467,0,0,116,1.63615E+018,4.63745E+018,948168569,0.0109,0.0103,8.7154,0.011,794.9833,69.58,61.995,0.013,31.59,0.014,-0.0846,0.1387,-0.2188,-0.162,0.0065,-0.1073,0.1669,0.0709,-0.1471,-0.0293,390,0,388,2,1.4557,394.45,0,0,31,FALSE,1.331,,,,,,,,45,27,0.019296,51,0.01931,93.69,0,0,1.052,0,433,57145.18752,17.3099,3301.31,13.794918,0.002775,49,15412.1,20.0086,770.276,14.868886,0.003126,47,62305.4,51.4809,1210.26,12.761581,0.003884,1.36,0,8,0,1,0,2.107305,1.073968,1.033337,9.34,1.46,2,21,1,16,17.15,,,899.041,,3800,4.5,0,101,,,,12.330729,0.048744,20,,VARIABLE,0,0,0.997667,3857.1,3847.2,3936.9,4.6321,4.6284,4.6675,0.0834,0.0666,0.2315,114.2256,113.948,114.5638,0.6091,0.597,0.7084,0.4225,0.414,0.4928,0.2427,0.2378,0.2828,MARCS,31.34059112,-75.22966507,0.212348,0.218327,-0.0159,0.492741
SSTSL2 J044816.37-663940.6,0,0,72.068211,-66.661293,277.776827,-36.8102,1,0,7,1,1,1,1,1,2,2,2,0,0,0,0,0,0,18680,13.78,13160,12.59,8780,22.37,4782,15.19,584.8,86,0,0,0,0,0,0.95,0.95,0.92,0,0,1217.3,939.5,339.5,328.6,6.8,3,3,0,0,N,1,0.813,1.138,3.463,4.807,72.17,40019951,40019951-377,0,0,3.73,3.81,3.68,3.8,24.86,1218443363,1,72.06817,-66.66144,39120,1045,42190,1166,34770,800.6,Gaia DR3 4662521977201853184,72.06829853,-66.66113043,0,0,9,1.63615E+018,4.66252E+018,632800883,0.015,0.0153,12.0567,0.0153,789.4736,63.215,9.945,0.018,62.428,0.019,0.0057,-0.0468,-0.0758,-0.0543,0.1018,-0.0534,-0.2032,0.1021,-0.1558,0.0372,301,0,300,1,3.2758,365.99,0.035,0.4521,31,TRUE,1.268,,,,,,,,34,24,0.027041,83,0.002911,13.3,0,0,1.137,0,700,34849.91295,10.809,3224.16,14.331862,0.002776,78,6336.61,11.3211,559.717,15.833899,0.003398,80,44082.1,30.208,1459.29,13.13724,0.003852,1.447,0,21,0,0,0,2.696659,1.502037,1.194622,4.52,3.32,2,38,5,16,18.523,,,1005.93,,3400,4.5,0,101,,,,12.536516,0.034775,36,,NOT_AVAILABLE,0,0,0.996487,3400.4,3388.5,3423.1,4.4372,4.4027,4.5507,-0.5339,-0.5867,-0.3507,83.2426,83.0205,83.508,0.8877,0.8706,0.9002,0.5743,0.5629,0.5825,0.3673,0.3602,0.3727,MARCS,72.06818696,-66.66140789,0.286389,0.311328,0.0421,0.59842
SSTSL2 J222424.77+602910.6,0,1,336.10324,60.486282,105.768203,2.610379,1,0,6,1,1,1,1,1,2,2,2,0,0,0,0,0,0,23670,13.6,17170,12.16,11520,22.15,6351,17.37,600.5,85.79,0,0,0,0,0,0.92,0.92,1.02,0,0,1551.5,1275.6,450.8,411.8,7,2,2,0,0,N,1,1.034,1.233,4.104,5.985,76.19,30002711,30002711-32656,0,0,1.73,3.62,4.99,4.14,26.23,,0,,,,,,,,,Gaia DR3 2201361130816495616,336.1033413,60.48639314,0,0,146,1.63615E+018,2.20136E+018,742850607,0.0082,0.0085,7.4413,0.0096,777.8673,93.174,66.447,0.011,65.316,0.01,-0.1021,0.0602,-0.0956,-0.1089,0.1737,-0.1377,-0.135,-0.1083,0.0306,-0.1184,396,396,395,1,0.3736,558.16,0.041,2.1442,31,TRUE,1.436,,,,,,,,46,27,0.015102,49,0.009195,174.5,0,0,1.013,0,406,203168.105,33.0081,6155.11,12.417728,0.002761,44,82067.5,69.4342,1181.95,13.053114,0.002937,43,172220,70.8352,2431.28,11.657687,0.003806,1.252,0,25,0,24,0,1.395427,0.635386,0.760041,-31.58,0.51,1,17,2,15,30.282,-0.47938,0.661726,990.065,6.04,4500,4,0.5,111,10.8932,7.6832,14,11.375134,0.014261,15,,NOT_AVAILABLE,0,0,0.999904,4548.7,4496.3,4556.4,4.6074,4.5932,4.6114,0.3737,0.2672,0.4118,134.1376,133.8361,134.4726,0.1783,0.1207,0.1874,0.1357,0.0917,0.1426,0.0709,0.048,0.0745,MARCS,336.1027418,60.48610285,0.169282,0.161571,-0.1045,0.43856
SSTSL2 J012547.18-712738.2,0,1,21.446606,-71.460636,299.054433,-45.40813,1,0,7,1,1,1,1,1,2,2,2,0,0,0,0,0,0,19500,11.92,12770,10.32,8738,18.85,4777,12.16,407.9,76.97,0,0,0,0,0,1.02,0.98,0.95,0,0,1481.7,1109.2,400.9,406.5,5.3,0,0,0,0,N,1,0.769,1.073,3.461,4.7,49.11,40045991,40045991-230,0,0,4.09,5.98,5.75,6.38,30.53,134893401,1,21.44661,-71.46075,40510,820.9,45040,1037,38370,742.2,Gaia DR3 4687971616928226176,21.44637282,-71.46050193,0,0,96,1.63615E+018,4.68797E+018,1017608897,0.0157,0.0125,11.6444,0.0151,771.261,52.636,-20.67,0.021,48.408,0.016,-0.0501,-0.0571,0.1063,-0.1014,0.0106,-0.1187,0.163,-0.1171,-0.1263,-0.0393,325,0,323,2,3.7514,397.64,0.053,1.2756,31,FALSE,1.292,,,,,,,,37,25,0.029865,44,0.007905,96.04,0,0,1.151,0,368,41463.61375,17.2354,2405.72,14.143199,0.002792,40,8919.34,21.706,410.916,15.46271,0.003843,38,49643.7,36.3825,1364.49,13.008235,0.003862,1.412,0,2,0,0,0,2.454475,1.319511,1.134964,37.61,2.15,2,17,2,16,13.218,,,908.775,,3600,4.5,0,111,,,,12.478426,0.032324,16,,NOT_AVAILABLE,0,0,0.992964,3554.7,3552.4,3557,4.6951,4.6911,4.6986,-0.1511,-0.1714,-0.1307,86.1301,86.0245,86.2404,0.689,0.6852,0.6926,0.4576,0.455,0.46,0.2819,0.2804,0.2833,MARCS,21.44666176,-71.46071707,0.342429,0.25189,-0.0293,0.551546
SSTSL2 J174731.75+052931.4,0,0,266.882317,5.492057,30.552951,16.707721,1,0,7,1,1,1,1,1,2,2,2,0,0,0,0,0,0,23880,14.27,15440,13.06,10070,21.78,5916,22.57,700.1,38.68,0,0,0,0,0,1.05,0.95,1.02,0,0,1483.2,1078.4,394.3,308.1,18.1,0,0,0,0,N,1,0.9443,1.305,3.893,5.952,20.3,40018640,40018640-0,0,0,5.33,1.44,4.79,2.08,86.88,1140836976,1,266.8822,5.492074,57920,1227,68420,1891,50770,1075,Gaia DR3 4473862579483743488,266.8824471,5.492017351,0,0,71,1.63615E+018,4.47386E+018,1555242848,0.0103,0.0095,9.1856,0.0119,770.8508,58.04,56.281,0.012,-14.18,0.011,0.066,-0.1315,-0.2833,-0.1802,-0.2291,-0.1544,-0.5883,0.0087,0.2127,-0.0008,422,0,420,2,3.5521,506.88,0.032,1.0712,31,FALSE,1.373,,,,,,,,48,21,0.017593,48,0.01201,27.36,0,0,1.125,0,411,101636.662,18.7444,5422.25,13.169741,0.002763,45,33019.6,27.1216,1217.47,14.041612,0.002929,44,99989,49.0862,2037.01,12.248015,0.003817,1.309,0,0,0,0,0,1.793596,0.871871,0.921725,-4.57,2.39,1,17,7,10,17.525,0.11116,0.959956,943.833,10.87,3700,4.5,-1,101,,,,11.861312,0.046778,10,,NOT_AVAILABLE,0,0,0.999146,4200.2,4199.5,4201.2,4.6813,4.6806,4.682,0.056,0.0519,0.0598,108.4894,108.342,108.6379,0.6594,0.6574,0.6612,0.4783,0.4769,0.4797,0.2568,0.256,0.2575,MARCS,266.8821958,5.492080373,0.199832,0.175643,0.0166,0.487588
SSTSL2 J010741.41-742546.6,0,0,16.922553,-74.429621,301.45014,-42.651839,1,0,7,1,1,1,1,1,2,2,2,0,0,0,0,0,0,19460,12.03,12660,10.83,8431,19.31,4667,13.87,563.9,84.17,0,0,0,0,0,1.02,0.98,0.95,0,0,1452,1050.5,385.8,358.2,6.7,0,0,0,0,N,1,0.7861,1.084,3.539,4.685,52.3,40045991,40045991-101,0,0,4.11,4.92,3.85,3.87,24.63,52580516,1,16.92199,-74.42956,45290,1001,53850,1141,41420,724.8,Gaia DR3 4684781521385645440,16.92296674,-74.42967461,0,0,90,1.63615E+018,4.68478E+018,608794857,0.0123,0.0095,8.7118,0.0117,742.3672,59.32,53.977,0.017,-24.605,0.012,-0.0025,0.0779,-0.1285,-0.0086,-0.0402,0.0235,0.0449,-0.0859,-0.1582,0.1048,313,9,312,1,3.2774,372.93,0.024,0.41395,31,TRUE,1.367,,,,,,,,36,27,0.024083,41,0.01506,81.47,0,0,1.134,0,349,81388.0592,19.5676,4159.32,13.410965,0.002768,36,25969.2,20.4582,1269.38,14.302398,0.002918,39,80613.2,44.1573,1825.59,12.481881,0.003826,1.31,0,0,0,0,0,1.820517,0.891433,0.929084,-6.87,1.29,2,19,3,19,16.89,,,871.72,,4000,3,0,111,,,,12.04637,0.025553,16,,NOT_AVAILABLE,0,0,0.999442,4099.1,4097.5,4100.1,4.6926,4.6921,4.6931,0.0063,0.0034,0.0093,114.3915,114.2409,114.5261,0.5279,0.5247,0.5304,0.3802,0.3778,0.382,0.206,0.2048,0.207,MARCS,16.92207301,-74.42956525,0.278126,0.196996,0.1034,0.443945
SSTSL2 J044516.30-680129.1,0,0,71.317932,-68.024751,279.505897,-36.660538,1,0,7,1,1,1,1,1,2,2,2,0,0,0,0,0,0,22500,12.83,14430,11.41,9625,20.12,5361,13.01,724.5,84.24,0,0,0,0,0,0.92,0.98,0.95,0,0,1576.4,1113.9,418.5,418.2,8.6,0,0,0,0,N,1,0.7971,1.119,3.412,4.8,52.84,40019951,40019951-305,0,0,3.69,5.92,3.81,5.92,25.5,1218405164,1,71.3176,-68.02486,56030,1084,65950,1397,49800,1009,Gaia DR3 4656342859292196352,71.31817342,-68.02451825,0,0,52,1.63615E+018,4.65634E+018,921243055,0.0115,0.0111,8.5964,0.0118,727.6184,79.467,38.514,0.015,69.51,0.016,0.1338,0.1851,-0.0879,-0.27,0.0496,-0.2041,-0.1219,0.2995,-0.1343,0.1564,290,0,289,1,-1.3056,241.11,0,0,31,FALSE,1.366,,,,,,,,33,23,0.023888,41,0.01199,38.74,0,0,0.945,0,295,94960.12953,19.5356,4860.88,13.243514,0.002764,37,30124.4,30.8022,977.995,14.141246,0.003003,36,94563.5,45.4554,2080.36,12.308587,0.003815,1.313,0,0,0,0,0,1.832659,0.897732,0.934927,34.83,1.35,1,17,4,14,22.462,-0.68934,0.816656,841.596,15.49,3700,4.5,-1,101,22.1407,15.9481,8,11.90587,0.043273,12,,NOT_AVAILABLE,0,0,0.999245,4167.6,4165.4,4169.6,4.643,4.6392,4.6479,0.2497,0.2464,0.2521,116.3959,116.0254,116.7544,0.6157,0.6111,0.6202,0.4438,0.4405,0.4471,0.2413,0.2395,0.243,MARCS,71.31771598,-68.02482719,0.248299,0.259519,0.176,0.898798
SSTSL2 J193053.19+162533.9,1,0,292.721629,16.426085,51.9963,-0.989647,1,0,7,1,1,1,1,1,2,2,2,0,0,0,0,0,0,140900,135.3,94410,145.6,59140,220.9,32750,110.2,3967,168.1,0,0,0,0,0,1.05,0.98,0.98,0,0,948.6,581.4,243.4,275.1,23.6,2,0,0,0,N,1,10.44,11.9,39.89,31.11,85.18,30002561,30002561-27501,0,0,2.09,3.8,1.97,3.97,8.55,907853660,1,292.7217,16.42601,578600,24520,518100,23380,337000,8070,Gaia DR3 4321686394937879936,292.7215679,16.42614812,0,0,50,1.63615E+018,4.32169E+018,1004432292,0.0107,0.0107,10.1025,0.0139,725.2182,34.946,-20.034,0.014,28.633,0.013,0.0262,-0.0429,0.0695,-0.0128,-0.1392,-0.043,0.1395,0.1682,-0.1359,-0.0099,326,326,320,6,-1.4565,581.37,0.076,6.2648,31,FALSE,1.577,,,,,,,,37,21,0.019333,39,0.007207,154.5,0,0,0.942,0,318,2874852.76,546.234,5263.04,9.540828,0.002763,36,1604320,580.093,2765.62,9.825316,0.002818,36,1845910,529.655,3485.12,9.082368,0.003792,1.2,0,0,0,0,0,0.742949,0.284489,0.45846,3.13,0.23,1,11,5,10,107.57,-0.45009,0.553474,923.554,1.45,6000,4,-0.5,444,,,,8.892967,0.007979,6,,NOT_AVAILABLE,0,0,0.99953,6007.5,6003.1,6020.5,4.3234,4.3219,4.3267,-0.6851,-0.6927,-0.677,98.6082,98.4662,98.742,0.0855,0.0828,0.0923,0.073,0.0707,0.0788,0.0396,0.0384,0.0428,MARCS,292.7216607,16.42602086,0.22149,0.208798,-0.0071,0.310182
SSTSL2 J182727.87-050921.3,1,0,276.866158,-5.15593,25.602856,2.956184,1,0,7,1,1,1,1,1,2,0,0,0,0,0,0,0,0,59710,89.88,33370,99.69,22850,167.4,13440,89.48,1609,143.6,0,0,0,0,0,1.02,0,0,0,0,594.9,293.4,130.7,139.2,11.2,2,0,0,0,N,1,9.769,11.1,33.85,25.99,91.68,30002561,30002561-32496,0,0,1.68,2.4,1.97,3.88,11.86,357850531,1,276.8663,-5.155814,155500,3150,162300,4186,124200,2402,Gaia DR3 4257151590764838656,276.8662619,-5.155991606,0,0,51,1.63615E+018,4.25715E+018,567013890,0.0123,0.0119,9.9047,0.0143,693.3139,36.278,-4.461,0.015,-36.002,0.015,0.1521,-0.0925,-0.1651,-0.0387,-0.3425,-0.0525,-0.172,0.0279,-0.0393,0.188,203,203,203,0,-1.1131,365.86,0.062,4.2064,31,TRUE,1.44,,,,,,,,23,15,0.022403,23,0.009191,94.35,0,0,0.943,0,200,387075.406,171.533,2256.56,11.717878,0.002797,22,159132,297.727,534.488,12.334151,0.003451,21,325414,362.732,897.119,10.966805,0.003968,1.252,0,0,0,0,0,1.367347,0.616273,0.751074,4.74,0.78,1,9,4,7,33.015,1.8749,0.060015,876.916,4.9,4500,4,0.25,111,,,,10.685371,0.004731,2,,VARIABLE,0,0,0.999838,4557.5,4507.6,4577.3,4.5786,4.5615,4.5852,0.1573,0.0533,0.2043,100.7307,100.4996,101.294,0.1797,0.1279,0.1997,0.1373,0.0975,0.1528,0.072,0.0512,0.08,MARCS,276.8662818,-5.155831596,0.23945,0.237088,0.1893,0.433477
SSTSL2 J122842.51-801710.7,0,0,187.177133,-80.286323,301.928461,-17.458888,1,0,7,1,1,1,1,1,2,2,2,0,0,0,0,0,0,17410,12.07,11620,10.4,7681,15.19,4237,10.09,602.2,103.8,0,0,0,0,0,0.98,0.95,1.02,0,0,1282.8,994.2,437.7,441.4,5.8,2,0,0,0,N,1,0.7793,1.02,3.296,4.566,61.56,40009401,40009401-22,0,0,7.89,7.66,8.29,7.31,17.11,841823313,1,187.1787,-80.28635,37670,902.1,43330,917.9,34870,642.3,Gaia DR3 5787272001034371328,187.1780771,-80.28628289,0,0,170,1.63615E+018,5.78727E+018,1288716569,0.0119,0.0122,9.4341,0.0137,689.8873,30.52,-22.1,0.015,21.048,0.017,-0.0085,-0.2023,-0.2855,-0.0033,-0.0169,0.0904,0.1211,0.1886,0.233,0.1736,303,0,302,1,0.7074,293.24,0,0,31,FALSE,1.341,,,,,,,,35,25,0.024427,46,0.02192,101.9,0,0,1.028,0,361,57139.0481,15.9929,3572.77,13.795034,0.002772,43,16178.1,21.6603,746.903,14.81622,0.003146,40,60620.7,43.0313,1408.76,12.791343,0.003857,1.344,0,0,0,0,0,2.024878,1.021186,1.003692,18,1.75,2,21,0,17,15.35,,,903.126,,3900,4.5,0,101,,,,12.328162,0.038844,21,,VARIABLE,0,0,0.992964,3876.4,3873,3878.5,4.7124,4.702,4.7145,-0.042,-0.0635,-0.0324,105.9677,105.6742,106.3418,0.5573,0.553,0.5612,0.3901,0.387,0.3928,0.2197,0.218,0.2212,MARCS,187.1786592,-80.28637644,0.239663,0.268228,0.1678,0.591341
SSTSL2 J043826.46-702456.6,0,0,69.610282,-70.415748,282.555355,-36.382065,1,0,7,1,1,1,1,1,2,2,2,0,0,0,0,0,0,16480,10.62,10450,11.85,6989,20.23,3746,12.34,462.5,85.65,0,0,0,0,0,1.02,0.95,0.98,0,0,1383.3,792.7,291.8,336.5,5.4,2,0,0,0,N,1,0.8073,1.154,3.485,5.096,53.31,40019951,40019951-185,0,0,6.53,5.51,5.96,5.83,25.61,682164134,1,69.61031,-70.41573,44830,949.7,49520,1095,35510,752.3,Gaia DR3 4655632299899322880,69.61033845,-70.415771,0,0,70,1.63615E+018,4.65563E+018,857669935,0.0099,0.0091,6.5919,0.0096,689.7538,9.307,4.958,0.013,-7.877,0.012,0.0664,0.0275,0.023,-0.185,0.0451,-0.1614,-0.1515,0.199,-0.062,0.0511,340,0,339,1,-2.6024,273.48,0,0,31,FALSE,1.424,,,,,,,,39,26,0.017924,43,0.02545,62.09,0,0,0.9,0,368,104161.4939,18.1157,5749.8,13.143099,0.002762,41,40568.2,31.4362,1290.49,13.818078,0.002914,41,90871.1,40.5408,2241.47,12.351831,0.00381,1.262,0,0,0,0,0,1.466247,0.674979,0.791267,-21.65,1.26,2,19,4,17,20.588,,,979.232,,4250,4,0.25,111,,,,12.005218,0.022172,15,,NOT_AVAILABLE,0,0,0.999813,4431.5,4428.4,4434.5,4.6723,4.6719,4.6727,0.0818,0.0758,0.0876,151.8617,151.6126,152.1101,0.244,0.2389,0.2493,0.1838,0.1799,0.1879,0.0967,0.0947,0.0989,MARCS,69.61027271,-70.415736,0.202947,0.19692,0.0673,0.10723
SSTSL2 J162750.81+421423.2,0,0,246.961718,42.23979,66.656932,43.857201,1,0,7,1,1,1,1,1,2,2,2,0,0,0,0,0,0,12090,10.06,8014,9.036,5281,17.65,3009,13.21,358.8,46.59,0,0,0,0,0,1.02,0.95,1.02,0,0,1091.3,810.9,277.4,256,7.7,0,0,0,0,P,2,0.7779,1.102,4.338,4.686,26.89,60091101,60091101-4,1,1,3.08,3.83,3.97,3.83,36.74,662739833,1,246.9619,42.23976,24620,498.8,27850,589.9,22850,399.8,Gaia DR3 1381189193800584064,246.961547,42.2397708,0,0,16,1.63615E+018,1.38119E+018,1756910246,0.0148,0.0188,12.4579,0.0186,671.0968,54.271,-53.96,0.019,5.8,0.023,0.1462,0.0495,0.0156,0.0518,0.1506,0.0217,-0.2589,-0.1368,-0.1152,0.2291,387,0,384,3,3.057,463.19,0.072,1.6335,31,FALSE,1.275,,,,,,,,44,26,0.033309,47,0.01279,23.02,0,0,1.112,0,398,22748.96929,8.73773,2603.53,14.794963,0.002787,43,4381.26,13.0109,336.738,16.234545,0.004264,42,28263.8,22.8477,1237.05,13.619819,0.00388,1.435,0,0,0,1,0,2.614726,1.439582,1.175144,-82.63,6.64,2,19,2,17,9.1897,,,950.778,,3500,4.5,0,101,,,,13.031741,0.053346,21,,NOT_AVAILABLE,0,0,0.996487,3467.8,3466.8,3468.9,4.8539,4.8526,4.855,-0.1112,-0.1143,-0.1089,81.1616,81.0603,81.2803,0.797,0.7922,0.8018,0.5197,0.5165,0.5229,0.328,0.326,0.3299,MARCS,246.9618709,42.23974502,0.309518,0.367952,0.2226,0.461004
SSTSL2 J051919.13-655917.7,0,0,79.829713,-65.988271,276.10116,-33.931629,1,0,7,1,1,1,1,1,2,2,2,0,0,0,0,0,0,16080,10.61,10930,9.643,7245,17.43,4202,13.13,654.6,92.19,0,0,0,0,0,1.02,0.95,0.98,0,0,1363.3,1018.9,367.9,342.1,7.1,3,3,2,0,N,1,0.8099,1.142,3.461,4.996,53.04,40019951,40019951-395,0,0,5.16,4.85,4.14,4.86,18.11,199658874,1,79.82948,-65.98842,34610,924.4,38980,1113,30540,815.6,Gaia DR3 4660502655414815744,79.82969646,-65.98801552,0,0,7,1.63615E+018,4.6605E+018,953570382,0.016,0.0184,11.7318,0.0175,668.7701,80.848,21.291,0.02,77.994,0.026,0.0368,0.0899,0.0863,-0.1453,0.0705,-0.1254,-0.2468,0.1229,-0.2894,0.0567,251,0,250,1,2.8749,295.74,0.076,2.1867,31,FALSE,1.306,,,,,,,,29,23,0.036356,114,0.00605,61.29,0,0,1.131,0,939,40385.7584,8.90279,4536.3,14.171796,0.002766,103,9428,9.63428,978.589,15.402493,0.003003,101,46870.9,15.5235,3019.35,13.070638,0.003796,1.394,0,12,0,0,0,2.331856,1.230698,1.101158,5.84,2.27,2,29,13,12,12.969,,,994.921,,3700,4.5,-0.25,101,,,,12.484553,0.090269,16,,VARIABLE,0,0,0.997667,3588.7,3568.5,3594.7,4.7183,4.6706,4.7282,-0.4151,-0.5363,-0.3826,85.707,85.5364,85.8674,0.6085,0.5941,0.6168,0.4099,0.3999,0.4155,0.2459,0.2398,0.2492,MARCS,79.82946392,-65.98836216,0.315626,0.417137,0.0692,0.920052
SSTSL2 J223231.50+610159.1,0,0,338.131264,61.033089,106.899771,2.561753,1,0,6,1,1,1,1,1,2,2,2,0,0,0,0,0,0,21860,12.66,13860,14.93,9376,19.58,5161,16.86,568.8,103.4,0,0,0,0,0,1.02,0.95,0.98,0,0,1524,807.9,405.5,339.6,5.5,2,2,0,0,N,1,1.012,1.22,3.988,5.997,77.1,30002711,30002711-32658,0,0,5.93,3.87,6.05,4.14,17.13,,0,,,,,,,,,Gaia DR3 2201727646143829504,338.1315581,61.03313188,0,0,161,1.63615E+018,2.20173E+018,1265427662,0.0105,0.0112,8.2455,0.0124,665.5248,134.912,134.837,0.014,4.491,0.014,-0.0496,0.1016,0.0354,-0.1488,0.0906,-0.1515,-0.1915,0.0109,0.0558,-0.1089,374,0,369,5,5.9513,519.52,0.049,1.8762,31,FALSE,1.375,,,,,,,,43,28,0.02091,47,0.0177,49.28,3,0,1.228,0,379,78943.39628,20.1625,3915.35,13.444077,0.002769,47,26452.1,72.8088,363.308,14.282393,0.004089,47,80329.5,350.422,229.236,12.485708,0.006059,1.353,20,27,8,28,0,1.796685,0.838316,0.958369,-29.94,4.17,1,13,11,10,14.5,3.6843,0.83615,773.757,9.93,4250,4.5,0.5,101,,,,11.937424,0.363863,2,,NOT_AVAILABLE,0,0,0.999324,4232.8,4228.1,4237.2,4.6913,4.6906,4.692,-0.0495,-0.0561,-0.0432,120.6611,120.4524,120.8462,0.7239,0.7139,0.7336,0.5269,0.5195,0.5341,0.2817,0.2778,0.2855,MARCS,338.1303207,61.03311192,0.228091,0.2325,-0.0938,0.535426
SSTSL2 J022145.88-742549.1,0,0,35.441191,-74.430306,295.048045,-41.286063,1,0,7,1,1,1,1,1,2,2,2,0,0,0,0,0,0,10960,8.157,7899,7.805,5320,16.94,2856,11.61,470.3,77.1,0,0,0,0,0,1.02,1.02,0.95,0,0,1214.2,926.9,267.5,283.7,6.1,2,0,0,0,N,1,0.6503,0.9116,2.889,3.846,52.32,40045991,40045991-69,0,0,6.58,5.12,5.78,5.13,29.1,133929875,1,35.44086,-74.43044,24730,523.8,27420,631.3,21940,505.1,Gaia DR3 4643310141802028928,35.44155077,-74.43012231,0,0,46,1.63615E+018,4.64331E+018,1616469551,0.0176,0.0176,12.42,0.0187,662.9568,76.967,38.058,0.022,66.899,0.021,0.0634,0.1768,-0.2762,-0.1185,0.0665,-0.0967,0.015,0.1985,-0.0895,0.0207,306,0,304,2,1.5605,331.07,0.06,1.0905,31,TRUE,1.287,,,,,,,,35,25,0.031354,42,0.009347,71.13,0,0,1.063,0,354,25633.88759,15.3723,1667.53,14.665331,0.002831,41,5390.22,19.6752,273.96,16.009527,0.004847,41,30773,38.7637,793.862,13.527472,0.004019,1.411,0,3,0,1,0,2.482056,1.344196,1.137859,10.72,4.19,2,14,2,12,9.2529,,,974.475,,3500,4.5,0,101,,,,12.971559,0.044249,17,,NOT_AVAILABLE,0,0,0.998258,3527.1,3526,3528.4,4.8564,4.8538,4.8591,-0.2991,-0.3026,-0.2941,81.1312,81.0121,81.2393,0.7698,0.7653,0.7745,0.5097,0.5067,0.5129,0.3127,0.311,0.3146,MARCS,35.44092058,-74.43041963,0.358787,0.340234,0.0313,0.747109
SSTSL2 J044740.80-684318.4,0,0,71.920024,-68.721795,280.235991,-36.224471,1,0,7,1,1,1,1,1,2,2,2,0,0,0,0,0,0,19470,11.78,12110,10.28,7998,18.34,4503,12.73,482.2,79.05,0,0,0,0,0,1.02,0.98,1.05,0,0,1492,1060.9,383.4,377.6,6.1,3,3,0,0,N,1,0.8354,1.145,3.449,5.026,53.25,40019951,40019951-280,0,0,4.08,4.97,4.36,6.08,30.94,1218450837,1,71.92012,-68.72181,51480,1090,58080,1284,43810,847.4,Gaia DR3 4655546641102478592,71.91996166,-68.72174451,0,0,124,1.63615E+018,4.65555E+018,1717261900,0.0108,0.0101,6.7772,0.0104,654.6794,14.62,-10.712,0.014,9.949,0.013,-0.1504,-0.1946,0.2892,-0.1239,0.1219,-0.1555,0.1148,-0.1856,-0.0511,-0.103,343,0,342,1,-1.2086,295.83,0,2.19E-15,31,FALSE,1.388,,,,,,,,39,25,0.020368,43,0.01821,38.3,0,0,0.953,0,354,98286.79742,19.5774,5020.43,13.206129,0.002764,36,33817.4,25.2109,1341.38,14.015691,0.002905,35,93082.7,67.525,1378.49,12.325724,0.003861,1.291,0,1,0,0,0,1.689967,0.809562,0.880405,12.64,1.61,1,21,5,17,18.878,3.9154,0.00004,953.418,25.59,4500,4.5,1,101,,,,11.969199,0.018911,16,,NOT_AVAILABLE,0,0,0.999591,4415.1,4343.5,4428.4,4.6376,4.6287,4.6422,0.7495,0.462,0.789,145.3743,140.2254,146.3317,0.5849,0.5329,0.6009,0.4304,0.3918,0.4423,0.2289,0.2087,0.2351,MARCS,71.92009285,-68.72178873,0.219467,0.213497,-0.0915,0.199173
SSTSL2 J044115.15-685345.9,0,0,70.313141,-68.896106,280.684063,-36.712235,1,0,7,1,1,1,1,1,2,2,2,0,0,0,0,0,0,24180,12.78,15330,11.14,10370,19.44,5813,14.74,539.2,94.6,0,0,0,0,0,1.02,0.98,1.02,0,0,1686.9,1234.3,454.4,384.4,5.7,0,0,0,0,N,1,0.8135,1.129,3.478,4.998,53.06,40019951,40019951-257,0,0,6.13,5.95,7.17,5.76,17.26,1218353495,1,70.31294,-68.89615,61550,1360,73450,1488,54350,1101,Gaia DR3 4656187896870547840,70.31315537,-68.89601756,0,0,96,1.63615E+018,4.65619E+018,157522300,0.0132,0.0127,8.2692,0.0127,651.8135,34.381,19.381,0.017,28.397,0.015,-0.0084,-0.0367,-0.1077,-0.0386,0.0777,-0.0493,-0.3153,-0.0396,-0.1191,-0.0085,327,8,327,0,8.7441,599.26,0.101,8.0694,31,FALSE,1.379,,,,,,,,38,25,0.023282,41,0.01581,41.42,0,0,1.363,0,332,111022.8165,27.2517,4073.98,13.073836,0.002768,36,37144.7,54.2775,684.349,13.9138,0.00321,34,107233,66.2148,1619.48,12.172071,0.003838,1.3,0,1,0,0,0,1.741729,0.839964,0.901765,33.99,1.08,1,16,2,13,23.056,1.3964,0.120766,876.141,12.83,4250,4.5,0.5,101,,,,11.797996,0.017617,14,22.89789,NOT_AVAILABLE,0,0,0.999019,4250.2,4249.1,4251.3,4.6206,4.619,4.622,0.2518,0.2492,0.2556,120.2971,120.0983,120.4852,0.5823,0.5798,0.5849,0.4246,0.4227,0.4265,0.2276,0.2266,0.2287,MARCS,70.31291614,-68.89614377,0.270397,0.24137,-0.0039,0.318927
SSTSL2 J224016.36+604741.7,0,0,340.068188,60.79493,107.60057,1.888817,1,0,7,1,1,1,1,1,2,2,2,0,0,0,0,0,0,17650,11.54,11550,10.11,7718,24.46,4158,13.99,735.9,126.9,0,0,0,0,0,0.95,0.95,1.02,0,0,1315.8,975.9,261.5,309,5.8,3,3,0,0,N,1,1.012,1.22,3.945,5.913,75.73,30002711,30002711-31218,0,0,3.61,5.46,4.06,5.96,10.87,781785160,1,340.0677,60.79492,37740,973.3,42190,1282,32480,747.9,Gaia DR3 2201002277706165376,340.0679402,60.79485363,0,0,115,1.63615E+018,2.201E+018,993806962,0.0099,0.0097,7.398,0.0114,650.3024,37.757,31.21,0.013,-21.249,0.012,-0.0238,0.082,-0.1975,-0.0993,0.0625,-0.1141,0.0544,-0.1449,-0.0151,-0.0593,413,0,412,1,0.4956,397.67,0,0,31,TRUE,1.38,,,,,,,,47,27,0.018154,52,0.006946,54.54,0,0,1.017,0,386,65531.90147,15.3921,4257.51,13.646235,0.002767,45,22029.5,41.4167,531.9,14.48103,0.003457,45,63832.5,121.284,526.307,12.735291,0.004306,1.31,0,2,0,5,0,1.745739,0.834796,0.910943,3.17,2.13,2,17,8,14,13.651,,,990.137,,4500,4.5,0.75,101,,,,12.318966,0.027995,9,,NOT_AVAILABLE,0,0,0.999019,4200.1,4196.8,4202.4,4.6822,4.6756,4.6868,-0.065,-0.0765,-0.056,136.1003,135.8079,136.5801,0.5485,0.5424,0.5534,0.3999,0.3954,0.4034,0.2141,0.2117,0.216,MARCS,340.0676559,60.79494807,0.20707,0.198623,-0.0485,0.514825
SSTSL2 J162539.59+423833.4,0,0,246.414982,42.642623,67.231315,44.250471,1,0,7,1,1,1,1,1,2,2,2,0,0,0,0,0,0,16020,11.44,10190,10.19,6875,19.45,3912,15.33,433.4,33.59,0,0,0,0,0,1.02,0.95,0.95,0,0,1262.5,915,324.5,292.6,12.9,0,0,0,0,N,1,0.7779,1.102,4.338,4.686,26.89,60091101,60091101-4,1,1,3.94,2.86,3.82,2.96,79.75,662699380,1,246.415,42.64271,42110,853.3,48440,936.9,35740,526.7,Gaia DR3 1381444280498081920,246.4149736,42.64244734,0,0,10,1.63615E+018,1.38144E+018,995618708,0.0087,0.0103,6.5813,0.0102,644.6546,56.423,-4.513,0.011,-56.242,0.014,0.0646,-0.0785,-0.1345,0.0253,0.1208,-0.0041,-0.407,-0.0937,-0.1533,0.1046,372,0,369,3,-0.3658,337.98,0,0,31,FALSE,1.392,,,,,,,,43,27,0.019901,47,0.01478,160.7,0,0,0.986,0,386,84639.30473,18.5135,4571.77,13.368437,0.002766,42,29717.5,31.8424,933.27,14.156011,0.003023,40,79174.1,51.0921,1549.64,12.501438,0.003844,1.287,0,0,0,0,0,1.654572,0.787574,0.866999,-29.86,1.09,2,27,1,23,19.733,,,908.997,,4500,4.5,0.75,101,,,,12.150389,0.022959,26,21.00268,NOT_AVAILABLE,0,0,0.999442,4399.1,4396.8,4400.2,4.6723,4.6694,4.6737,0.5244,0.5161,0.5318,151.6542,151.4316,152.2086,0.5467,0.5439,0.5496,0.4037,0.4017,0.4059,0.214,0.2129,0.2151,MARCS,246.4150008,42.6426973,0.182796,0.225645,0.1009,0.632774
SSTSL2 J013249.09-725229.0,0,0,23.204551,-72.87474,298.722462,-43.913709,1,0,7,1,1,1,1,1,2,2,2,0,0,0,0,0,0,10760,9.279,7435,8.489,5073,15.97,2806,12.28,465.4,81.65,0,0,0,0,0,1.02,0.98,1.02,0,0,1054.6,798.9,286.8,254.7,5.7,2,0,0,0,N,1,0.7859,1.069,3.504,4.648,49.06,40045991,40045991-163,0,0,4.07,4.59,4.44,4.3,26.8,1321900609,1,23.20429,-72.87492,23290,514.9,25820,499.5,20440,451.7,Gaia DR3 4686858567563805056,23.20484816,-72.87458433,0,0,115,1.63615E+018,4.68686E+018,747371658,0.0172,0.0161,11.4921,0.0179,640.4641,79.528,31.665,0.022,72.953,0.022,-0.0808,0.1563,-0.0835,-0.0993,-0.1626,-0.0173,0.2826,-0.0325,-0.2374,0.0696,361,8,361,0,-0.1196,348.72,0,2.13E-15,31,FALSE,1.278,,,,,,,,42,27,0.032055,50,0.01438,91.11,1,0,0.995,0,423,22069.86403,8.95335,2464.98,14.827868,0.00279,44,4320.03,13.4927,320.175,16.249825,0.004391,44,27278,22.827,1194.99,13.658365,0.003887,1.432,0,2,0,0,0,2.591459,1.421957,1.169502,-4.92,2.9,2,22,7,18,8.8388,,,972.65,,3300,3.5,-0.5,111,,,,13.038536,0.105167,16,,NOT_AVAILABLE,0,0,0.996487,3457.6,3452.6,3460.8,4.8119,4.8005,4.8187,-0.1423,-0.1979,-0.1156,87.4379,87.294,87.5902,0.7091,0.7032,0.7145,0.4628,0.4588,0.4663,0.293,0.2905,0.2951,MARCS,23.20437022,-72.87490857,0.350102,0.352171,0.0756,0.642867
SSTSL2 J070300.74-033613.8,0,0,105.75309,-3.603849,217.458756,0.92692,1,0,7,1,1,1,1,1,2,2,2,0,0,0,0,0,0,19290,7.985,12360,6.788,8419,16.3,4714,13.23,603.8,70.21,0,0,0,0,0,1.02,1.05,0.98,0,0,2269.9,1668.4,536.1,423,8.6,0,0,0,0,N,1,0.5848,0.7435,2.315,3.366,26.6,40044690,40044690-0,0,0,3.05,7.49,2.18,5.67,24.8,1206967924,1,105.7531,-3.603759,44460,860,50910,1454,40180,740.1,Gaia DR3 3107855622635865344,105.7529895,-3.603939021,0,0,128,1.63615E+018,3.10786E+018,666214245,0.0125,0.0122,9.1606,0.0144,634.6627,53.636,-30.907,0.015,-43.836,0.015,-0.1059,0.0443,-0.2342,0.1359,-0.3108,0.0609,-0.1165,0.1247,0.1313,-0.1926,243,0,243,0,1.6974,258.52,0,0,31,FALSE,1.352,,,,,,,,28,16,0.023522,28,0.06283,96.09,0,0,1.077,0,242,71150.33884,21.9557,3240.63,13.556925,0.002776,27,21208.4,31.2118,679.5,14.52227,0.003215,27,73391.7,51.6318,1421.44,12.583778,0.003856,1.33,0,0,0,0,0,1.938492,0.965345,0.973146,23.69,1.82,2,14,3,12,15.615,,,908.039,,4250,4.5,0.5,101,,,,12.161327,0.065668,11,,NOT_AVAILABLE,0,0,0.996487,3975.5,3969.6,4040.2,4.6899,4.6724,4.6947,0.0016,-0.0135,0.0636,109.1989,108.6777,114.0829,0.5545,0.5416,0.6931,0.3929,0.3836,0.4928,0.2172,0.2122,0.271,MARCS,105.7531272,-3.603744196,0.247363,0.249326,-0.1988,0.485139
SSTSL2 J013612.61-742458.3,0,0,24.052546,-74.416214,298.88509,-42.358411,1,0,7,1,1,1,1,1,2,2,2,0,0,0,0,0,0,17980,11.43,11300,9.565,7392,17.98,4190,11.99,437,78.03,0,0,0,0,0,1.02,1.02,1.02,0,0,1432.7,1073.2,365.2,375.1,5.6,2,0,0,0,N,1,0.7696,1.066,3.436,4.632,49.94,40045991,40045991-97,0,0,3.09,5.83,4.11,5.98,29.58,1321927443,1,24.05231,-74.41625,48260,1067,52720,1117,41380,800.4,Gaia DR3 4638112956497075072,24.05284782,-74.41621063,0,0,114,1.63615E+018,4.63811E+018,632830780,0.0104,0.009,6.6856,0.0105,634.0507,38.757,36.966,0.016,11.645,0.012,-0.1613,0.0931,-0.2613,0.0722,-0.0332,0.1497,0.0029,0.1532,-0.2315,-0.0299,331,18,330,1,1.9379,399.32,0.021,0.43714,31,FALSE,1.414,,,,,,,,38,26,0.022269,41,0.01886,109.4,1,0,1.076,0,350,112442.068,36.2362,3103.04,13.060045,0.002777,38,42524,56.043,758.774,13.766957,0.003136,38,100046,108.981,918.011,12.247396,0.00396,1.268,0,0,0,0,0,1.519562,0.706912,0.81265,-0.53,0.99,1,18,3,15,20.686,-0.70952,0.740591,947.156,12.49,4500,4,0.5,111,,,,11.943524,0.023146,15,20.75291,NOT_AVAILABLE,0,0,0.99979,,,,,,,,,,,,,,,,,,,,,,,24.05223626,-74.41626238,0.257115,0.193646,-0.0397,0.292152
SSTSL2 J054755.36-684711.3,0,0,86.980676,-68.786474,279.008829,-30.876959,1,0,7,1,1,1,1,1,2,2,2,0,0,0,0,0,0,11610,8.961,8085,8.339,5420,15.44,3122,12.75,549.8,85.9,0,0,0,0,0,0.95,0.92,0.95,0,0,1168.5,891.9,314.7,267.4,6.4,0,0,0,0,N,1,0.7851,1.114,3.265,5.016,53.05,40019951,40019951-269,0,0,4.78,4.61,4.77,4.93,24.33,1252890911,1,86.98055,-68.78641,24930,528.2,28630,632.8,22660,480,Gaia DR3 4657565413151530368,86.98034543,-68.78655633,0,0,84,1.63615E+018,4.65757E+018,538835611,0.018,0.0169,11.1274,0.0176,633.0895,37.08,-18.618,0.022,-32.067,0.02,0.0141,0.1433,0.1413,-0.0648,0.234,0.0065,-0.2919,0.1761,-0.1853,-0.0623,305,0,305,0,-0.8719,273.06,0,0,31,FALSE,1.288,,,,,,,,35,24,0.03096,45,0.004832,114.9,0,0,0.964,0,352,25040.68227,26.228,954.732,14.690751,0.002981,42,5242.33,24.6616,212.571,16.039732,0.00582,42,30188.8,79.5264,379.608,13.54828,0.00474,1.415,0,0,0,1,0,2.491452,1.348981,1.142471,7.17,2.47,2,21,7,16,8.7947,,,905.562,,3800,4.5,0.5,101,,,,13.074359,0.05443,15,,NOT_AVAILABLE,0,0,0.996487,3538.4,3535.5,3542.1,4.798,4.7922,4.8048,-0.1939,-0.2189,-0.1659,90.0341,89.8865,90.168,0.7937,0.7891,0.7984,0.525,0.5218,0.5282,0.3235,0.3216,0.3253,MARCS,86.98057411,-68.78641381,0.348981,0.323127,-0.0587,0.522753
SSTSL2 J004953.50-735350.7,0,0,12.472942,-73.897425,303.079061,-43.230385,1,0,7,1,1,1,1,1,2,2,2,0,0,0,0,0,0,23420,12.52,15340,11.43,10110,23.95,5558,12.57,609.9,89.69,0,0,0,0,0,1.02,1.02,1.02,0,0,1629.2,1177.4,346.4,435.4,6.8,2,0,0,0,N,1,0.7417,1.099,3.208,4.707,49.39,40045991,40045991-125,0,0,5.18,6.17,6.42,6.18,22.8,52320626,1,12.47278,-73.89751,74820,1585,72980,1748,52000,1102,Gaia DR3 4685665975426733952,12.4729092,-73.89743582,0,0,111,1.63615E+018,4.68567E+018,1318636570,0.0091,0.0087,6.2672,0.0099,632.6118,17.151,12.143,0.013,12.113,0.011,-0.0427,0.0782,0.0416,0.0105,-0.1614,0.0768,0.3101,-0.1893,-0.1956,0.0779,346,346,345,1,-2.9074,436.34,0.034,1.3154,31,TRUE,1.501,,,,,,,,39,24,0.018777,45,0.03399,87.76,1,0,0.89,0,381,243437.9005,41.7216,5834.82,12.221396,0.002762,43,117560,111.135,1057.81,12.662895,0.002973,43,183741,360.132,510.206,11.587378,0.004337,1.238,0,22,0,23,0,1.075518,0.441499,0.634019,-12.21,1.19,2,9,9,8,20.053,,,714.308,,5000,4,0,111,,,,,,,,NOT_AVAILABLE,0,0,0.996487,5013.8,5007.3,5020,4.6106,4.6057,4.6162,-0.2824,-0.2897,-0.2748,158.8851,158.6483,159.1586,0.05,0.0441,0.0554,0.0401,0.0354,0.0445,0.0214,0.0188,0.0237,MARCS,12.47271462,-73.89748966,0.214291,0.1774,0.0747,0.050894
SSTSL2 J015005.23-741931.0,0,0,27.521829,-74.3253,297.635584,-42.194431,1,0,7,1,1,1,1,1,2,2,2,0,0,0,0,0,0,14690,9.764,9726,8.47,6475,16.34,3610,11.28,504,78.75,0,0,0,0,0,0.92,1.02,0.98,0,0,1384.1,1039.1,362.7,345.6,6.4,0,0,0,0,N,1,0.7357,0.9808,3.124,4.273,51.37,40045991,40045991-95,0,0,1.84,6.13,3.95,6.13,26.75,1322035710,1,27.52171,-74.32549,34040,815.2,39010,862.4,30420,672.5,Gaia DR3 4638269121507729152,27.52175922,-74.32506796,0,0,107,1.63615E+018,4.63827E+018,1670616959,0.0138,0.0107,7.9358,0.0125,632.5303,87.502,8.285,0.017,87.109,0.014,-0.1747,0.1166,-0.2265,-0.2172,-0.0641,-0.1548,0.177,0.1429,-0.2791,-0.1024,322,0,321,1,2.7826,367.42,0.022,0.3057,31,FALSE,1.358,,,,,,,,37,25,0.024365,43,0.01405,91.15,0,0,1.112,0,363,56738.22721,13.8718,4090.19,13.802677,0.002768,40,17399.1,18.5272,939.114,14.737226,0.00302,42,57712.2,25.9076,2227.62,12.844726,0.003811,1.324,0,0,0,0,0,1.8925,0.934548,0.957952,-1.24,1.79,2,19,1,15,16.001,,,973.4,,4000,3.5,0.25,111,,,,12.377363,0.025832,18,,NOT_AVAILABLE,0,0,0.992964,4761.3,4734.8,4798.8,4.7287,4.7221,4.7389,-0.7609,-0.7771,-0.7403,124.1273,123.765,124.6377,1.883,1.8543,1.9226,1.4016,1.3784,1.4333,0.7619,0.7486,0.7794,MARCS,27.52162292,-74.32545511,0.278888,0.227299,-0.0842,0.838084
SSTSL2 J171606.30+602224.4,0,0,259.026285,60.373447,89.407508,35.040026,1,0,7,1,1,1,1,1,2,2,2,0,0,0,0,0,0,15860,9.421,10450,8.506,7023,16.59,3815,10.16,500.4,41.36,0,0,0,0,0,1.02,1.02,1.02,0,0,1529.7,1105,391.1,394,12.1,0,0,0,0,N,1,0.7161,0.9758,3.71,0,15.11,60095751,60095751-45,1,1,4.18,8.18,4.85,9.06,52.03,686355415,1,259.0263,60.37351,38620,889.2,45500,963.8,35610,524.8,Gaia DR3 1437440998951778688,259.0265876,60.37322928,0,0,171,1.63615E+018,1.43744E+018,793271844,0.0111,0.0147,7.6605,0.0122,628.9371,72.245,36.741,0.015,-62.204,0.019,-0.0955,-0.0037,-0.0821,0.04,-0.0672,0.015,-0.5327,-0.0667,-0.2201,-0.0248,273,0,273,0,0.7537,269.01,0,2.46E-15,31,FALSE,1.372,,,,,,,,31,22,0.027265,38,0.01378,162.5,0,0,1.031,0,294,68969.77876,13.9576,4941.38,13.59072,0.002764,37,22357.9,23.4301,954.237,14.464967,0.003013,38,67697,24.8255,2726.91,12.671472,0.0038,1.306,0,0,0,0,0,1.793495,0.874247,0.919249,24.28,1.63,2,19,1,17,17.886,,,815.359,,4250,4.5,0.5,101,,,,12.283403,0.027266,18,,NOT_AVAILABLE,0,0,0.998613,,,,,,,,,,,,,,,,,,,,,,,259.0262573,60.37350574,0.241578,0.305904,-0.0268,0.951003
SSTSL2 J171818.80+741816.4,0,0,259.578373,74.30457,105.83784,32.285703,1,0,7,1,1,1,1,1,2,2,2,0,0,0,0,0,0,12740,12.99,8611,11.66,5567,16.11,3180,13.04,417.2,53.49,0,0,0,0,0,0.98,0.98,0.95,0,0,889.5,670.4,319.5,283.3,7.8,2,0,0,0,N,1,0.8448,1.145,3.702,4.663,29.61,40045070,40045070-0,0,0,4.01,3.95,3.87,4.09,30.42,1296005928,1,259.5785,74.30459,25520,517,29570,626.3,24280,402.5,Gaia DR3 1655531398063341184,259.5784009,74.30438219,0,0,133,1.63615E+018,1.65553E+018,1621251813,0.0181,0.0179,11.3352,0.0181,627.1439,38.437,-4.409,0.024,-38.183,0.023,-0.0873,-0.1614,0.1349,0.1083,0.1858,0.0626,-0.2455,-0.1508,-0.056,-0.0193,315,0,312,3,4.0077,407.24,0.081,2.0428,31,TRUE,1.281,,,,,,,,36,27,0.033575,44,0.01246,153.2,0,0,1.165,0,378,25987.21661,10.0577,2583.82,14.650468,0.002787,41,5213.8,21.7922,239.25,16.045656,0.005327,40,31776.9,33.2185,956.603,13.492617,0.003946,1.423,0,2,0,1,0,2.55304,1.395188,1.157851,3.39,2.45,2,13,3,12,9.5417,,,874.816,,3600,4.5,0,101,,,,12.955862,0.048328,12,,NOT_AVAILABLE,0,0,0.000001,3506,3504.4,3507.4,4.8057,4.8034,4.8071,-0.0522,-0.0669,-0.0453,88.5053,88.3674,88.6543,0.7508,0.7465,0.755,0.4928,0.49,0.4956,0.3087,0.307,0.3104,MARCS,259.5784733,74.3045519,0.383754,0.368797,-0.0275,0.676646
SSTSL2 J123248.51-705733.5,0,0,188.202135,-70.959309,301.398539,-8.143045,1,0,7,1,1,1,1,1,2,2,2,0,0,0,0,0,0,19280,10.48,12060,12.81,8382,23.66,4527,14.21,630.7,123.7,0,0,0,0,0,1.05,1.02,0.92,0,0,1674.8,843.1,302.5,368.1,5.1,2,0,0,0,N,1,0.8396,1.093,3.402,4.646,72.48,40017191,40017191-21,0,0,4.2,4.06,3.71,3.93,13.15,831867140,1,188.2028,-70.95931,58450,1238,59650,1264,43010,831.9,Gaia DR3 5843220031750197632,188.2016046,-70.95924339,0,0,58,1.63615E+018,5.84322E+018,1195620128,0.0086,0.0081,6.2931,0.0101,625.9827,86.822,-85.851,0.011,12.95,0.011,0.114,-0.1959,-0.2421,0.024,-0.0088,0.068,0.0395,0.1258,0.1592,0.1921,417,417,414,3,-2.1779,504.48,0.035,1.4815,31,TRUE,1.465,,,,,,,,48,28,0.016816,55,0.01842,110.8,0,0,0.924,0,472,165848.6285,23.8841,6943.91,12.638087,0.00276,54,72741,37.374,1946.3,13.184094,0.002845,51,132567,36.3302,3648.95,11.941807,0.003791,1.238,0,0,0,0,0,1.242288,0.546007,0.69628,41.25,0.73,1,24,2,20,29.262,0.088188,0.418347,805.614,12.6,4500,3.5,-0.25,111,,,,11.685229,0.016576,22,,NOT_AVAILABLE,0,0,0.999389,4753.7,4739.7,4767.5,4.5988,4.5819,4.6044,-0.2032,-0.2172,-0.1863,160.1523,158.5585,164.7233,0.1855,0.1716,0.2012,0.1451,0.1341,0.1574,0.0768,0.071,0.0834,MARCS,188.2027742,-70.95930094,0.17855,0.177348,0.1858,0.666229
SSTSL2 J172425.35+601756.0,0,0,261.105663,60.29891,89.20523,34.021814,1,0,7,1,1,1,1,1,2,2,2,0,0,0,0,0,0,19460,10.03,12580,8.93,8544,15.68,4576,10.82,545.6,49.6,0,0,0,0,0,0.95,1.02,0.95,0,0,1723.8,1266.2,464.1,448.1,11,0,0,0,0,N,1,0.7065,1.021,3.812,4.346,22.25,60095751,60095751-36,1,1,13.56,8.17,12.73,7.96,20.55,663342799,1,261.1059,60.29884,51570,1045,58780,1137,42820,788.7,Gaia DR3 1435892126369904896,261.1057026,60.29910595,0,0,66,1.63615E+018,1.43589E+018,1790365074,0.0126,0.0114,7.8889,0.0127,620.5209,61.67,-22.882,0.015,57.268,0.015,0.1058,-0.438,-0.1648,-0.0475,0.2806,-0.105,-0.2514,0.008,-0.1049,0.3739,223,0,222,1,0.6032,228.43,0,0,31,FALSE,1.403,,,,,,,,25,20,0.024631,34,0.01804,159.6,1,0,1.028,0,250,108112.0269,32.5014,3326.38,13.102682,0.002775,32,39212.4,44.4523,882.123,13.854983,0.00305,32,98917.7,51.607,1916.75,12.259711,0.003822,1.278,0,0,0,0,0,1.595272,0.752301,0.842971,-21.44,1.25,1,12,3,11,18.106,0.20259,0.496483,815.291,12.94,4250,4,0.5,111,,,,11.912889,0.027584,9,,NOT_AVAILABLE,0,0,0.999527,4296.7,4291.4,4303.4,4.6678,4.6622,4.6807,-0.018,-0.0323,0.0032,128.347,126.9923,128.9652,0.3462,0.3375,0.3547,0.2566,0.2501,0.263,0.136,0.1326,0.1394,MARCS,261.1059079,60.29885142,0.241774,0.245564,0.3731,0.708941
SSTSL2 J011050.61-711730.0,0,0,17.710879,-71.291694,300.703899,-45.752516,1,0,7,1,1,1,1,1,2,2,0,0,0,0,0,0,0,7957,7.237,5642,6.874,3756,12.92,2038,9.844,445.7,74.28,0,0,0,0,0,1.05,1.05,0,0,0,994.2,742.8,266,234.8,6,2,2,0,0,N,1,0.736,0.9993,3.149,4.026,51.04,40045991,40045991-255,0,0,6.31,8.46,5.67,8.12,33.25,134732447,1,17.71111,-71.29167,16640,337.2,17800,426.2,14830,341.5,Gaia DR3 4690662912157284224,17.71083199,-71.29172098,0,0,99,1.63615E+018,4.69066E+018,1786538537,0.0199,0.017,12.1188,0.0196,618.5335,20.539,-19.332,0.025,-6.937,0.021,-0.0492,0.0389,-0.3699,-0.0926,-0.1474,-0.113,0.0227,0.1045,-0.1705,-0.0829,406,0,405,1,2.3827,475.64,0,0,31,FALSE,1.282,,,,,,,,46,27,0.036152,53,0.02654,94.27,0,0,1.085,0,442,16268.89774,9.8275,1655.45,15.158972,0.002832,48,3301.62,12.672,260.544,16.541725,0.005015,48,20017.7,34.264,584.219,13.994362,0.004212,1.433,0,34,0,28,0,2.547363,1.382753,1.16461,18.56,6.08,2,18,3,17,7.0095,,,816.455,,3400,4.5,-0.5,101,,,,13.388294,0.051219,17,,NOT_AVAILABLE,0,0,0.996487,3476.4,3475.1,3477.8,4.915,4.9119,4.9185,-0.3776,-0.3815,-0.3724,83.0183,82.8778,83.1563,0.8316,0.8254,0.8372,0.5459,0.5417,0.5496,0.3378,0.3353,0.34,MARCS,17.71109987,-71.29169015,0.411706,0.334216,-0.0713,0.111264
SSTSL2 J003920.31-741533.4,0,0,9.834634,-74.259291,304.050628,-42.842669,1,0,7,1,1,1,1,1,2,2,2,0,0,0,0,0,0,14160,10.12,9355,8.762,6480,16.51,3472,11.35,503.1,77.39,0,0,0,0,0,0.95,0.95,0.95,0,0,1252.1,950,340.5,329.8,6.5,2,0,0,0,N,1,0.7845,1.014,3.496,4.209,50.73,40045991,40045991-105,0,0,5.75,5.75,5.41,6.14,29.89,1302460225,1,9.833617,-74.25929,30960,655.8,34990,966.9,27260,652.9,Gaia DR3 4685724868016995584,9.835372045,-74.25929142,0,0,120,1.63615E+018,4.68572E+018,287627284,0.0134,0.0126,8.9847,0.0148,608.8499,100.712,100.375,0.02,-8.241,0.017,-0.1073,0.1888,0.0651,-0.0449,-0.2194,-0.0145,0.1265,-0.0415,-0.1126,-0.0245,359,0,357,2,1.8853,382.57,0,0,31,FALSE,1.316,,,,,,,,41,27,0.027246,49,0.01427,105.2,0,0,1.071,0,413,38339.98858,12.4298,3084.53,14.228237,0.002778,46,9506,12.4224,765.23,15.393547,0.00313,45,43305.8,37.6932,1148.9,13.156531,0.003896,1.377,0,0,0,0,0,2.237016,1.16531,1.071706,21.61,2.5,2,18,4,14,10.671,,,945.328,,3900,4.5,0.25,101,,,,12.594484,0.033748,14,,VARIABLE,0,0,0.000001,3712,3708.9,3719.1,4.7101,4.7075,4.7153,0.0099,0.0036,0.0237,110.7744,110.5947,110.9716,0.6037,0.5986,0.6116,0.4114,0.4079,0.4168,0.2427,0.2407,0.246,MARCS,9.83372761,-74.25925479,0.31429,0.272444,-0.0223,0.720794
SSTSL2 J222803.12+583138.0,0,1,337.013013,58.527226,105.127495,0.702319,1,0,7,1,1,1,1,1,2,2,2,0,0,0,0,0,0,15480,14.37,10060,9.484,6767,22.74,3621,16.65,633.3,86.75,0,0,0,0,0,1.02,0.98,0.98,0,0,972.5,988.3,263,249.1,7.3,0,0,0,0,N,1,0.9866,1.315,3.907,6.034,75.9,30002711,30002711-29771,0,0,3.86,4.93,3.94,4.24,21.96,766147476,1,337.013,58.52733,37330,790.7,42110,1202,32210,593.3,Gaia DR3 2200170119203627264,337.0129228,58.52718117,0,0,137,1.63615E+018,2.20017E+018,671450697,0.0112,0.0113,8.0355,0.0133,604.4791,22.325,-11.105,0.014,-19.367,0.013,-0.1527,0.1246,-0.123,-0.1317,0.1739,-0.1688,0.0504,-0.1756,-0.0171,-0.1656,369,0,369,0,1.7913,389.3,0.027,0.4738,31,FALSE,1.365,,,,,,,,43,26,0.021011,48,0.02279,30.38,0,0,1.066,0,374,62719.72005,15.3965,4073.64,13.693856,0.002768,46,19725.4,29.0576,678.837,14.60098,0.003216,46,62899.1,49.171,1279.19,12.751284,0.003874,1.317,0,0,0,0,0,1.849696,0.907124,0.942573,6.27,2.37,2,14,5,11,13.809,,,990.889,,4000,4.5,0,101,,,,12.300395,0.035872,9,,NOT_AVAILABLE,0,0,0.997667,,,,,,,,,,,,,,,,,,,,,,,337.0130174,58.52726725,0.233294,0.209116,-0.1497,0.234019
SSTSL2 J021420.97-751903.5,0,0,33.587388,-75.317654,296.136631,-40.697792,1,0,7,1,1,1,1,1,2,2,2,0,0,0,0,0,0,23220,17.58,15110,13.5,9760,25.74,5481,12.28,672.7,78.22,0,0,0,0,0,1.05,0.98,1.02,0,0,1164,994.5,314.9,405.2,8.6,3,3,0,0,N,1,0.9033,1.079,3.981,4.597,61.5,40045991,40045991-27,0,0,7.54,9.71,8.25,9.69,27.14,133896450,1,33.58683,-75.3177,64390,1364,72580,1471,54000,1144,Gaia DR3 4637241902768565376,33.58807302,-75.31758219,0,0,73,1.63615E+018,4.63724E+018,969516075,0.0132,0.0107,7.3597,0.0123,597.9811,68.795,65.182,0.017,22.002,0.015,0.1442,0.1656,-0.3193,-0.1226,-0.1022,-0.0585,0.0332,0.0894,-0.057,0.3264,283,274,282,1,2.6963,466.86,0.081,7.1714,31,TRUE,1.418,,,,,,,,33,24,0.02594,37,0.01876,79.42,1,0,1.115,0,307,153294.6407,31.8758,4809.12,12.72355,0.002765,36,58623.6,45.8193,1279.45,13.418361,0.002916,35,135315,64.7323,2090.38,11.91953,0.003815,1.265,0,0,0,0,0,1.498831,0.694811,0.80402,38.77,0.7,1,21,3,17,29.464,0.39076,0.374637,947.907,11.08,4500,4.5,1,101,8.4798,8.9733,12,11.605991,0.014151,18,28.885,NOT_AVAILABLE,0,0,0.999833,4545.6,4542.6,4548.3,4.6618,4.6574,4.6633,0.7224,0.7081,0.7331,137.4375,137.1609,137.7986,0.349,0.3446,0.3532,0.2623,0.259,0.2655,0.1372,0.1355,0.1389,MARCS,33.58693004,-75.31767997,0.277253,0.232731,0.33,0.676408
SSTSL2 J020528.32-744554.5,0,0,31.368041,-74.765154,296.543889,-41.431955,1,0,6,1,1,1,1,1,2,2,2,0,0,0,0,0,0,15960,10.22,10410,12.51,6734,21.05,3779,12.14,475.4,69.91,0,0,0,0,0,1.02,0.95,0.95,0,0,1409.8,748.9,273.9,342.3,6.8,2,0,0,0,N,1,0.7341,0.9972,3.284,4.19,51.61,40045991,40045991-71,0,0,3.68,3.81,3.82,5.07,43.16,,0,,,,,,,,,Gaia DR3 4637514547293266688,31.36881868,-74.76508027,0,0,132,1.63615E+018,4.63751E+018,1019689908,0.01,0.0097,6.0341,0.0101,595.1432,124.91,119.108,0.013,37.627,0.012,-0.2029,0.201,0.0373,-0.2335,-0.0468,-0.2228,0.121,-0.1166,-0.0964,-0.202,363,355,361,2,2.1506,615.53,0.069,6.1933,31,TRUE,1.486,,,,,,,,42,26,0.019242,50,0.04762,60.73,0,0,1.081,0,417,163326.9911,31.5898,5170.24,12.654722,0.002763,45,75610.2,45.2756,1670,13.142092,0.002865,46,125407,34.9754,3585.59,12.002088,0.003791,1.231,0,1,0,0,0,1.140004,0.48737,0.652635,-7.8,1.05,1,20,3,18,27.21,-0.40899,0.48333,874.299,18.73,4750,4,-0.25,111,6.2249,5.9387,10,11.758659,0.021133,17,26.18332,VARIABLE,0,0,0.99885,4834.3,4827.6,4841.2,4.6245,4.6222,4.6266,-0.4436,-0.4521,-0.4349,165.4463,165.1731,165.7086,0.0613,0.0548,0.0677,0.0486,0.0434,0.0537,0.0259,0.0231,0.0286,MARCS,31.36680415,-74.76524749,0.205091,0.193125,-0.181,0.782103
SSTSL2 J194309.98+245706.7,1,0,295.791619,24.951874,60.836654,0.674617,1,0,7,1,1,1,1,1,2,2,2,0,0,0,0,0,0,41290,75.7,25340,89.79,17270,152,9483,95.84,925.8,138.2,0,0,0,0,0,1.02,1.05,1.02,0,0,508.6,264.2,119.3,116.6,6.7,2,2,0,0,N,1,10.16,11.6,37.01,25.78,81.4,30002561,30002561-29682,0,0,3.06,2.11,2.55,1.98,10.12,1113899943,1,295.7916,24.95194,132100,2919,131200,3747,95760,2117,Gaia DR3 2020837264488052864,295.7915519,24.95169705,0,0,171,1.63615E+018,2.02084E+018,300417196,0.0065,0.0102,8.2333,0.0139,594.3515,57.021,-6.047,0.009,-56.699,0.014,-0.1525,0.0541,-0.1127,0.0745,-0.0136,0.0831,-0.045,-0.1017,-0.0069,-0.0265,762,762,745,17,3.1988,1867.3,0.099,18.185,31,TRUE,1.463,,,,,,,,87,26,0.019275,89,0.03299,113,0,0,1.084,0,747,376854.8704,197.181,1911.22,11.746931,0.002813,84,165453,240.972,686.61,12.291853,0.003207,83,301357,300.577,1002.6,11.050193,0.003931,1.239,0,0,0,0,0,1.24166,0.544922,0.696738,-13.06,0.29,1,34,20,19,63.842,-1.7823,0.92615,891.954,5.71,5000,5,0.5,444,7.2363,6.6606,13,10.776415,0.009737,13,,VARIABLE,0,0,0.999896,4759.2,4755.4,4762.5,4.5786,4.5772,4.5797,0.2885,0.282,0.2934,120.9485,120.7612,121.1378,0.1096,0.1053,0.1136,0.0853,0.082,0.0885,0.0446,0.0428,0.0463,MARCS,295.7915816,24.95194904,0.141132,0.22362,-0.0338,0.673604
SSTSL2 J043013.22+243157.3,0,1,67.555091,24.532603,173.55799,-16.175498,1,0,7,1,1,1,1,1,2,2,2,0,0,0,0,0,0,15410,12.43,10560,11.82,7145,20.48,4059,25.87,443.9,56.91,0,0,0,0,0,1.02,0.95,1.02,0,0,1119.8,834.4,306.4,195.5,7.8,2,0,0,0,N,1,0.9057,1.195,4.309,6.125,50.42,40009211,40009211-180,0,0,4.14,1.9,6.18,1.9,49.61,1302828938,1,67.55496,24.53253,34260,757.3,36810,847.6,30370,587.3,Gaia DR3 146365544780532352,67.55528431,24.53264771,0,0,78,1.63615E+018,1.46366E+017,701186702,0.0179,0.0115,11.9694,0.0202,591.5857,67.915,60.316,0.026,31.216,0.02,0.1954,0.1966,0.0217,-0.0618,-0.1496,-0.065,0.0784,0.0973,0.0153,0.2143,299,0,298,1,1.6056,312.23,0,0,31,FALSE,1.318,,,,,,,,34,16,0.036793,36,0.01102,4.619,1,0,1.066,0,314,43685.0868,14.0747,3103.79,14.086534,0.002777,31,11002.1,21.482,512.153,15.234859,0.003504,33,49015.2,33.5088,1462.76,13.022069,0.003852,1.374,0,1,0,1,0,2.21279,1.148325,1.064465,44,2.48,2,13,2,10,11.077,,,698.837,,3700,4.5,-0.25,101,,,,12.506282,0.061577,11,,NOT_AVAILABLE,0,0,0.000001,3703.1,3701.6,3704.7,4.8206,4.8193,4.8217,-0.3066,-0.3131,-0.3001,83.7466,83.5985,83.8914,0.6404,0.636,0.6446,0.4383,0.4352,0.4411,0.2553,0.2535,0.2569,MARCS,67.55498964,24.53250897,0.412716,0.323652,0.22,0.65323
SSTSL2 J130132.30-771038.0,0,0,195.384613,-77.177236,303.510121,-14.316828,1,0,7,1,1,1,1,1,2,2,2,0,0,0,0,0,0,19120,11.52,12490,13.12,8138,24.97,4435,13.88,490.9,44.63,0,0,0,0,0,1.05,1.02,1.02,0.06,0,1498.5,856.7,286,318.2,11,2,0,0,0,N,1,0.8607,1.13,3.906,4.765,46.56,40017201,40017201-20,0,0,3.14,5.77,3.9,5.83,55.31,843459508,1,195.3848,-77.17725,59210,1145,60870,1346,43050,912,Gaia DR3 5788931645117394176,195.3846818,-77.17718504,0,0,51,1.63615E+018,5.78893E+018,526400173,0.0086,0.0085,6.1808,0.0105,591.1291,23.376,-9.031,0.012,21.561,0.011,0.081,-0.1602,-0.0936,-0.1205,0.0294,-0.0692,0.0213,0.2616,0.2397,0.2466,332,332,332,0,-2.0826,395.59,0.033,1.3184,31,TRUE,1.458,,,,,,,,39,25,0.018002,45,0.01264,77.41,0,0,0.919,0,374,159171.0475,23.1451,6877.09,12.682707,0.00276,38,68515.7,37.5008,1827.05,13.249066,0.002853,39,128944,45.269,2848.39,11.971893,0.003799,1.241,0,0,0,0,0,1.277173,0.56636,0.710814,38.37,2.92,1,18,6,15,19.969,5.1595,0.051345,863.996,11.06,4500,3.5,-0.25,111,,,,11.642067,0.025853,12,,NOT_AVAILABLE,0,0,0.999697,4669.8,4664.1,4676,4.5874,4.5842,4.5932,-0.1177,-0.1247,-0.1104,160.8365,159.6785,161.5197,0.1542,0.1476,0.1613,0.1197,0.1144,0.1252,0.0632,0.0604,0.0661,MARCS,195.3848626,-77.17728087,0.18792,0.181185,0.2542,0.191519
SSTSL2 J180230.73+583738.4,0,0,270.628043,58.62734,87.290496,29.175097,1,0,7,1,1,1,1,1,2,2,2,0,2,0,0,0,0,632700,479.7,416600,434,263100,318.6,146600,121.8,26210,54.37,0,0,0,0,0,0.98,0.98,1.02,0,1.11,1205.5,894.6,682.3,975,482,0,0,0,0,N,-1,56.33,68.55,21.76,0,42.45,40016280,40016280-0,0,0,9.88,9.89,10.2,10.21,77.87,1068190021,1,270.6281,58.62727,3483000,147600,2249000,68360,1522000,37850,Gaia DR3 2152139190687051008,270.6279761,58.62737531,0,0,85,1.63615E+018,2.15214E+018,181713892,0.0195,0.0187,10.9807,0.019,578.8028,27.616,-12.833,0.028,24.453,0.027,0.0074,-0.1155,0.0496,-0.0971,0.0178,-0.1344,-0.2289,-0.0086,-0.136,0.0743,276,276,276,0,0.9814,1650.5,0.187,38.005,31,TRUE,1.714,,,,,,,,31,25,0.039672,33,0.01474,175.7,0,0,1.041,0,287,34300000,9816.19,3491.33,6.850032,0.002773,31,23800000,9705.8,2454.52,6.896047,0.002825,31,16000000,8002.61,1995.4,6.739745,0.003818,1.161,0,1,0,7,0,0.156302,0.046015,0.110287,-21.35,0.34,1,14,0,13,353.67,-0.14701,0.443974,878.335,3.06,8000,4.5,0.25,555,85.6486,1.4211,14,6.696134,0.005833,14,409.4288,NOT_AVAILABLE,0,0,0.996611,10262.3,10247.3,10279.6,4.3994,4.3985,4.3999,-0.1415,-0.1566,-0.1292,91.2899,91.142,91.43,0.3951,0.3934,0.3967,0.3773,0.3757,0.379,0.2008,0.1999,0.2017,A,270.6280857,58.62726663,0.446328,0.432505,0.0836,0.178538
SSTSL2 J011727.12-714607.3,0,0,19.363009,-71.768718,300.048679,-45.213617,1,0,7,1,1,1,1,1,2,2,2,0,0,0,0,0,0,20840,11.84,12650,13.22,8980,18.54,4910,12.83,708.3,93.2,0,0,0,0,0,1.02,1.02,1.05,0,0,1576.8,840.9,416.2,398,7.6,0,0,0,0,N,1,0.7794,1.02,3.523,4.221,50.86,40045991,40045991-232,0,0,5.09,4.95,5.24,5.22,20.04,134802919,1,19.36374,-71.76857,66010,1459,69180,1402,48800,943.8,Gaia DR3 4687576441284275328,19.36255759,-71.76892507,0,0,86,1.63615E+018,4.68758E+018,1273601403,0.0102,0.0081,6.0004,0.0105,572.709,105.923,-75.763,0.013,-74.025,0.011,0.0349,0.378,0.158,-0.0409,0.029,0.0209,0.025,-0.0334,-0.181,0.0866,320,320,319,1,-1.9209,396.19,0.029,0.9902,31,TRUE,1.469,,,,,,,,38,24,0.01854,45,0.000717,34.55,0,0,0.923,0,365,196688.9805,37.9684,5180.33,12.452917,0.002763,40,87247,49.6348,1757.78,12.986666,0.002858,42,155587,70.0028,2222.58,11.767962,0.003811,1.235,0,0,0,0,0,1.218703,0.533749,0.684955,60.11,0.85,1,19,3,18,22.381,0.62629,0.144437,946.906,10.57,4750,4,0.25,111,20.661,13.3,9,11.52852,0.015903,16,,NOT_AVAILABLE,0,0,0.999798,4768.6,4766.7,4770.9,4.5632,4.5621,4.5644,-0.0327,-0.037,-0.028,166.3848,166.1045,166.6589,0.001,0.0002,0.0027,0.0008,0.0001,0.0021,0.0004,0,0.0011,PHOENIX,19.3636339,-71.76859607,0.210324,0.18012,0.0883,0.902313
SSTSL2 J220206.61+582034.5,0,0,330.527559,58.342944,102.214415,2.454853,1,0,7,1,1,1,1,1,2,2,2,0,1,0,0,0,0,12210,12.26,8374,8.783,5758,16.63,2985,15.51,593.7,116.4,0,0,0,0,0.85,0.95,0.98,1.02,0,0,893.4,876.9,317.8,231,5.1,0,0,0,0,N,1,0.9853,1.21,3.827,5.697,75.39,30002711,30002711-31928,0,0,4.83,4.02,5.66,4.03,10.48,797360450,1,330.5275,58.3431,24870,572.6,28130,777.3,22950,528.5,Gaia DR3 2199357477034173824,330.5275093,58.34282523,0,0,156,1.63615E+018,2.19936E+018,882870469,0.0168,0.0199,12.1335,0.0212,571.0938,56.736,2.21,0.026,-56.693,0.026,-0.1913,-0.0829,-0.0088,0.0081,0.241,-0.0209,-0.2016,-0.2514,0.023,-0.3519,325,0,323,2,-0.0712,314.93,0,0,31,FALSE,1.264,,,,,,,,37,24,0.041825,52,0.01952,51.72,0,0,0.996,0,414,20985.18319,10.632,1973.77,14.882585,0.00281,51,3721.02,8.97459,414.617,16.411888,0.003827,51,26747.9,24.359,1098.07,13.679671,0.003907,1.452,0,5,0,1,0,2.732217,1.529304,1.202913,-24.34,3.16,2,25,10,18,8.419,,,992.894,,3700,4.5,0.5,101,,,,13.084396,0.044027,17,,NOT_AVAILABLE,0,0,0.000001,,,,,,,,,,,,,,,,,,,,,,,330.5274906,58.3430772,0.408959,0.425432,-0.3475,0.437741
SSTSL2 J055528.35-692558.4,0,0,88.868157,-69.432899,279.710905,-30.166368,1,0,7,1,1,1,1,1,2,2,2,2,0,0,0,0,0,16320,14.89,10530,13.11,6956,22.96,3920,14.26,540.4,96.5,0,0,0,0,0,0.98,0.95,1.02,0.92,0,989.4,719.3,261.7,310.8,5.6,0,0,0,0,N,1,0.8299,1.152,3.525,4.853,53.33,40019951,40019951-220,0,0,3.95,3.82,4.08,3.7,19.74,120667754,1,88.86771,-69.43281,38480,779.6,44790,990.1,33850,654.8,Gaia DR3 4657482056422807424,88.86877603,-69.43304988,0,0,13,1.63615E+018,4.65748E+018,1396119511,0.0121,0.0145,7.8561,0.0138,570.8203,91.211,76.952,0.015,-48.969,0.018,0.0914,0.2659,0.1136,-0.028,0.3177,0.1512,-0.4853,0.3336,-0.2773,-0.0882,312,0,311,1,0.4041,295.62,0,0,31,FALSE,1.352,,,,,,,,36,24,0.026319,42,0.009335,16.33,0,0,1.015,0,323,59472.56974,13.2795,4478.53,13.751575,0.002766,37,17687.5,21.376,827.444,14.719378,0.003083,37,61730.7,36.5103,1690.78,12.771642,0.003834,1.335,0,0,0,0,0,1.947737,0.967803,0.979934,11.07,1.65,2,18,5,15,14.425,,,953.167,,3900,4.5,-0.25,101,,,,12.371544,0.034198,13,,NOT_AVAILABLE,0,0,0.000001,4048.8,4040.8,4057.5,4.6698,4.6634,4.6761,0.1494,0.1307,0.1679,127.3427,126.3927,128.6592,0.5211,0.5009,0.5458,0.3688,0.3544,0.3864,0.2064,0.1983,0.2159,PHOENIX,88.8678025,-69.43283224,0.243142,0.290077,-0.0924,0.952866
SSTSL2 J013347.72-713408.5,0,0,23.448844,-71.569042,298.204848,-45.168427,1,0,7,1,1,1,1,1,2,2,2,0,0,0,0,0,0,18080,11.89,11280,10.61,8137,18.78,4374,13.89,565.9,82.02,0,0,0,0,0,1.02,0.95,1.02,0,0,1364.6,945.6,372.4,340.2,6.9,0,0,0,0,N,1,0.7828,1.083,3.541,4.704,60.75,40045991,40045991-229,0,0,3.92,3.44,6.12,3.94,25.4,134959479,1,23.44897,-71.56906,37880,767.5,43570,1084,35740,856,Gaia DR3 4687791056502987136,23.44883247,-71.56908786,0,0,128,1.63615E+018,4.68779E+018,1432740658,0.015,0.0144,9.6239,0.0169,569.8181,8.315,-6.915,0.019,-4.618,0.02,-0.1705,0.1993,-0.1703,-0.1109,0.0097,-0.0332,-0.0586,-0.0859,-0.382,-0.1089,340,0,340,0,6.104,486.21,0.092,4.1625,31,FALSE,1.303,,,,,,,,40,23,0.029209,47,0.01454,59.25,0,0,1.244,0,373,43803.03912,17.9771,2436.61,14.083607,0.002791,42,10142.2,20.2497,500.858,15.323209,0.003533,41,50902.8,48.6343,1046.64,12.981041,0.003919,1.394,0,1,0,0,0,2.342168,1.239602,1.102566,10.63,2.11,2,19,2,16,12.671,,,972.327,,3600,4.5,0,111,,,,12.458615,0.024104,17,,NOT_AVAILABLE,0,0,0.992964,,,,,,,,,,,,,,,,,,,,,,,23.44892968,-71.56906733,0.299112,0.328669,-0.1008,0.165605
SSTSL2 J194950.40+261254.9,1,0,297.460002,26.21527,62.685336,0.00906,1,0,7,1,1,1,1,1,2,2,2,0,1,0,0,0,0,141900,187.6,95320,145.1,58910,222.2,32840,103,3688,124.6,0,0,0,0,0.96,1.02,0.95,0.98,0,0,669.9,576.7,241.1,283.8,29.6,0,0,0,0,N,1,10.21,11.7,38.29,27.49,81.12,30002561,30002561-28965,0,0,2.04,3.76,1.98,4.25,14.45,1282256469,1,297.46,26.2153,627500,12140,485300,9386,327800,5434,Gaia DR3 2027014492591263872,297.4600436,26.21526917,0,0,166,1.63615E+018,2.02701E+018,1367691896,0.0074,0.0112,7.6107,0.0135,565.498,12.733,11.065,0.01,-6.301,0.014,-0.2362,-0.0846,-0.3599,0.1417,-0.0801,0.1392,-0.4155,-0.0527,0.0086,-0.0958,587,587,580,7,-2.4232,1072.7,0.076,8.9533,31,FALSE,1.603,,,,,,,,66,26,0.020533,68,0.01,137.7,0,0,0.929,0,585,3563874.711,594.238,5997.38,9.307561,0.002761,65,2077800,865.286,2401.28,9.544534,0.002827,65,2158980,598.887,3604.99,8.912274,0.003791,1.189,0,0,0,0,0,0.632259,0.236973,0.395287,-22.78,0.35,1,18,6,9,148.63,2.2571,0.002404,780.227,4.24,6250,3.5,-0.25,444,28.2984,2.2673,11,8.750025,0.006215,11,,NOT_AVAILABLE,0,0,0.992964,6299.9,6299,6301.1,4.2363,4.2346,4.238,-0.241,-0.2454,-0.2368,130.7194,130.4883,130.9431,0.0005,0.0001,0.0012,0.0004,0,0.0011,0.0002,0,0.0006,MARCS,297.4599887,26.21529717,0.159999,0.232328,-0.1057,0.134284
SSTSL2 J044256.40-690551.2,0,0,70.73503,-69.097557,280.853208,-36.500078,1,0,7,1,1,1,1,1,2,2,2,0,0,0,0,0,0,20230,11.76,12620,10.26,8428,18.6,4738,15.71,580.4,95.15,0,0,0,0,0,0.95,1.02,0.92,0,0,1560.2,1114.4,401.7,301.4,6.1,0,2,0,0,N,1,0.8135,1.129,3.478,4.998,53.06,40019951,40019951-257,0,0,3.84,4.1,3.72,4.13,19.33,1218370572,1,70.73508,-69.09754,59100,1306,63390,1460,46430,983.6,Gaia DR3 4656169720569143296,70.7349485,-69.09760855,0,0,16,1.63615E+018,4.65617E+018,1177330357,0.0116,0.012,6.5402,0.0118,555.3821,14.311,-5.467,0.014,-13.225,0.015,0.0244,0.1163,-0.1313,0.0036,0.0906,0.0168,-0.201,0.1018,-0.0344,-0.0029,288,271,288,0,1.5393,453,0.075,5.3054,31,TRUE,1.429,,,,,,,,33,27,0.020992,38,0.01179,35.24,0,0,1.064,0,326,144713.9148,43.218,3348.46,12.786091,0.002774,35,57473.9,68.0611,844.447,13.439865,0.003072,35,124575,114.105,1091.76,12.009314,0.003908,1.258,0,0,0,0,0,1.430552,0.653774,0.776777,27.51,0.89,1,17,3,17,23.226,1.6593,0.063135,903.63,10.16,4500,4,0.75,111,15.9126,6.8789,7,11.709368,0.036045,14,23.16593,NOT_AVAILABLE,0,0,0.999938,4582.5,4575.1,4588.9,4.6377,4.6313,4.6435,0.6716,0.6529,0.6868,154.1143,153.7472,154.5015,0.2597,0.2517,0.2677,0.1967,0.1905,0.2028,0.1026,0.0994,0.1058,MARCS,70.7350166,-69.09754977,0.218906,0.243337,-0.0038,0.213068
SSTSL2 J221311.22+701231.7,0,0,333.296765,70.208821,110.225456,11.346144,1,0,7,1,1,1,1,1,2,2,2,0,0,0,0,0,0,19330,9.792,12180,11.69,8240,16.4,4250,12.86,482.3,64.31,0,0,0,0,0,0.98,1.02,0.92,0,0,1760.1,934.9,453.5,344.8,7.5,2,2,0,0,N,1,0.6693,0.9379,3.351,4.35,38.37,40019100,40019100-0,0,0,6.87,6.17,6.3,6.37,42.9,1129302558,1,333.2962,70.20882,64510,1307,64030,1592,44960,745.3,Gaia DR3 2229563634124542080,333.2973793,70.2088182,0,0,166,1.63615E+018,2.22956E+018,916277079,0.0083,0.0087,5.1488,0.0093,550.9122,86.076,86.036,0.012,-2.623,0.011,-0.0307,-0.0043,-0.0892,-0.0907,0.2733,-0.087,-0.0246,0.0489,0.0961,-0.0053,397,397,395,2,1.0532,645.83,0.062,5.5508,31,TRUE,1.496,,,,,,,,46,29,0.01645,54,0.01913,45.39,0,0,1.037,0,420,221048.2636,29.3463,7532.4,12.326149,0.002759,51,104844,57.9767,1808.39,12.787182,0.002854,52,165166,40.9526,4033.1,11.703094,0.003789,1.221,0,0,0,0,0,1.084087,0.461033,0.623055,-69.58,0.66,1,21,2,19,31.938,0.27762,0.399841,946.33,9.26,5000,4,0,111,,,,11.475788,0.010466,19,,NOT_AVAILABLE,0,0,0.999527,4941.6,4936.2,4949.4,4.512,4.5102,4.5138,-0.1805,-0.1861,-0.1734,193.6903,193.331,194.0814,0.0173,0.012,0.0247,0.0138,0.0096,0.0197,0.0073,0.0051,0.0105,MARCS,333.29625,70.20882985,0.190811,0.168442,0.003,0.748857
SSTSL2 J014710.27-740622.5,0,0,26.79281,-74.106272,297.803614,-42.462506,1,0,7,1,1,1,1,1,2,2,2,0,0,0,0,0,0,18210,10.91,12110,11.93,7969,20.78,4432,10.88,583.7,91.2,0,0,0,0,0,0.98,0.98,0.95,0,0,1506.2,902.3,322.9,412.5,6.4,0,2,0,0,N,1,0.7307,1.029,3.336,4.203,51.04,40045991,40045991-118,0,0,5.93,7.61,5.74,7.54,17.75,1322012909,1,26.79285,-74.10616,38480,815.1,47600,920.7,36810,712,Gaia DR3 4638443462820286592,26.7930203,-74.106412,0,0,1,1.63615E+018,4.63844E+018,1294016295,0.0153,0.0166,9.6531,0.0176,548.586,53.137,13.239,0.02,-51.462,0.022,0.0037,0.0882,0.0097,-0.0866,0.0739,-0.0935,0.251,-0.1606,-0.2408,-0.0221,286,0,283,3,4.2725,370.31,0.069,1.9214,31,FALSE,1.288,,,,,,,,32,21,0.030795,36,0.01341,94.97,0,0,1.185,0,314,38857.4806,19.2401,2019.61,14.21368,0.002807,34,8169.44,15.9395,512.529,15.558062,0.003503,32,46855.7,43.7787,1070.28,13.07099,0.003913,1.416,0,0,0,0,0,2.487072,1.344381,1.142691,9.65,2.57,2,16,3,13,11.76,,,890.641,,3500,3.5,-0.5,111,,,,12.501736,0.031321,13,,NOT_AVAILABLE,0,0,0.992964,3523.4,3521.4,3525.2,4.5965,4.5928,4.5991,-0.071,-0.0873,-0.0573,103.6478,103.4414,103.843,0.6084,0.6037,0.6126,0.4016,0.3985,0.4044,0.2519,0.25,0.2536,MARCS,26.79280545,-74.10618328,0.316212,0.345592,-0.0136,0.544968
SSTSL2 J014739.24-740604.2,0,0,26.913538,-74.101173,297.758726,-42.457737,1,0,7,1,1,1,1,1,2,2,2,0,0,0,0,0,0,12760,9.172,8595,10.53,5813,18.04,3184,11.18,465.3,71.58,0,0,0,0,0,0.98,0.95,1.02,0,0,1254.5,730.4,273.4,311.9,6.5,0,0,0,0,N,1,0.7307,1.029,3.336,4.203,51.04,40045991,40045991-118,0,0,5.74,5.76,6.15,5.96,37.3,1322012918,1,26.91352,-74.1012,30030,636.2,35350,781.4,26640,638,Gaia DR3 4638443325381332480,26.91367959,-74.10121077,0,0,20,1.63615E+018,4.63844E+018,1057820778,0.0131,0.0136,8.0198,0.0146,547.9639,9.646,9.618,0.017,-0.733,0.019,0.0304,0.1274,-0.0504,-0.1185,0.0673,-0.1008,0.1336,-0.1338,-0.2271,0.0318,289,0,287,2,0.2146,270,0,0,31,FALSE,1.346,,,,,,,,33,23,0.026277,37,0.01211,91.59,0,0,1.008,0,299,45812.80554,13.5297,3386.08,14.0349,0.002774,36,13262.6,23.834,556.457,15.031968,0.003405,34,47870,32.8311,1458.07,13.047737,0.003852,1.334,0,2,0,0,0,1.984231,0.997068,0.987163,-10.78,2.27,2,19,2,16,11.542,,,890.641,,3900,4.5,0,101,,,,12.597425,0.054728,17,,NOT_AVAILABLE,0,0,0.996487,3632.8,3552.3,3737.6,4.1234,4.0545,4.3079,-1.4275,-1.5637,-1.2696,124.3851,123.185,128.2255,0.3002,0.1375,0.6649,0.2098,0.0956,0.468,0.1174,0.0535,0.2551,MARCS,26.91352355,-74.10120751,0.272879,0.298916,0.0422,0.194897
SSTSL2 J045649.52-705257.8,0,0,74.206366,-70.882743,282.447121,-34.792042,1,0,7,1,1,1,1,1,2,2,2,0,0,0,0,0,0,16720,15.22,10460,9.706,6952,17.85,3949,15.75,627.1,87.1,0,0,0,0,0,0.98,0.98,0.95,0,0,981,980.2,347.4,259.2,7.2,0,0,0,0,N,1,0.8414,1.13,3.488,4.936,52.56,40019951,40019951-158,0,0,3.86,3.93,3.81,4.17,24.56,120302182,1,74.20641,-70.88271,40220,963.1,46860,1036,36610,775.5,Gaia DR3 4654694004178926336,74.20640611,-70.8827627,0,0,138,1.63615E+018,4.65469E+018,422930353,0.0115,0.0116,6.5176,0.012,542.0583,10.212,-5.239,0.015,-8.765,0.015,-0.1107,0.0997,0.2083,-0.2336,0.226,-0.1541,-0.0824,0.1577,-0.3317,-0.2495,336,0,334,2,0.433,320.6,0,0,31,FALSE,1.374,,,,,,,,38,25,0.023424,43,0.01987,15.98,0,0,1.016,0,357,72740.93994,24.9487,2915.62,13.53292,0.00278,40,23747.1,36.9453,642.765,14.399515,0.003262,38,71249.8,80.1833,888.587,12.615936,0.003972,1.306,0,0,0,1,0,1.783579,0.866595,0.916984,28.9,1.48,2,17,3,16,16.024,,,876.491,,4500,4.5,1,101,,,,12.262512,0.031985,15,,VARIABLE,0,0,0.999389,,,,,,,,,,,,,,,,,,,,,,,74.20647721,-70.88272374,0.23005,0.243733,-0.2317,0.085234
SSTSL2 J190055.07+023119.8,1,0,285.229497,2.522194,36.257581,-0.956978,1,0,6,1,1,1,1,1,2,2,2,0,0,0,0,0,0,137200,136,87450,116.4,56010,231.5,32680,133.9,4401,186.5,0,0,0,0,0,0.95,1.02,1.02,0,0,928.2,672,229.4,220.3,23.6,3,3,3,0,P,1,11.6,12.86,43.2,36.62,96.2,30002561,30002561-27470,0,0,1.91,3.37,2.03,3.42,8.55,674671984,1,285.2295,2.522203,509100,12660,461300,11470,317100,7594,Gaia DR3 4268632618126595328,285.2293385,2.521994925,0,0,72,1.63615E+018,4.26863E+018,160809755,0.0165,0.0159,10.2019,0.0188,541.9265,64.076,-35.537,0.019,-53.318,0.018,0.0279,-0.0008,-0.1775,-0.1627,-0.2403,-0.1194,-0.2284,-0.1838,-0.0734,0.1477,184,184,183,1,-0.0152,366.94,0.096,7.0597,31,TRUE,1.541,,,,,,,,21,15,0.028519,22,0.055,78.56,0,0,0.997,0,167,2171613.61,413.062,5257.35,9.84541,0.002763,20,1133570,851.681,1330.98,10.202421,0.002907,19,1486280,381.157,3899.39,9.317641,0.00379,1.206,0,0,0,0,0,0.88478,0.357011,0.527769,15.36,0.21,1,9,1,7,85.705,-0.74297,0.781723,938.601,1.34,5250,4,0,444,7.4214,2.1562,7,9.134558,0.010898,8,,NOT_AVAILABLE,0,0,0.999527,5804.4,5786.5,5818.6,4.4864,4.4761,4.4956,0.093,0.0756,0.1073,97.5113,97.3184,97.734,0.221,0.2105,0.2302,0.1846,0.1758,0.1923,0.0986,0.0938,0.1027,MARCS,285.2294966,2.522231897,0.313435,0.289067,0.1591,0.915659
SSTSL2 J015630.56-745727.5,0,0,29.127364,-74.957647,297.364808,-41.459655,1,0,7,1,1,1,1,1,2,2,2,0,0,0,0,0,0,14740,10.59,10680,13.39,7611,22.92,3868,14.12,461.2,76.87,0,0,0,0,0,0.98,1.02,0.98,0,0,1259.2,714,284.6,300.8,6,0,0,0,0,N,1,0.7733,1.076,3.524,4.694,52.23,40045991,40045991-73,0,0,3.96,3.77,3.96,4.09,28.46,133773005,1,29.12641,-74.95766,24840,617.8,26920,570.2,24100,510.5,Gaia DR3 4637430022336195712,29.12819174,-74.95767699,0,0,55,1.63615E+018,4.63743E+018,318145353,0.0392,0.0373,23.1629,0.0429,539.3325,97.354,96.748,0.047,-10.847,0.052,0.1346,0.2032,-0.1501,-0.0362,0.0476,0.035,-0.1849,-0.0393,-0.3547,0.0749,309,0,305,4,2.5981,685.6,0.325,12.122,31,FALSE,1.182,,,,,,,,35,24,0.074063,41,0.01287,126.6,0,0,1.107,0,355,10025.75539,6.96158,1440.16,15.684574,0.002857,36,749.384,10.0149,74.8266,18.151781,0.014776,35,15462.2,24.9707,619.214,14.274716,0.004166,1.617,0,1,0,1,0,3.877065,2.467207,1.409858,,,,,,,,,,,,,,,,,,,,,,,NOT_AVAILABLE,0,0,0.999998,,,,,,,,,,,,,,,,,,,,,,,29.12653495,-74.95762877,0.761268,0.840201,0.0742,0.780866
SSTSL2 J194038.90+233854.0,1,0,295.162108,23.648334,59.420053,0.526861,1,0,6,1,1,2,1,1,2,0,0,0,1,0,0,0,0,57680,86.42,37350,94.54,,,13310,89.95,1575,148.6,0,0,0,0,1.06,1.02,0,0,0,0,624.3,362.5,269.7,142.5,10.6,2,0,,0,N,1,9.967,11.67,,26.08,81.18,30002561,30002561-29679,0,0,2.04,3.97,2.04,3.83,9.61,1246068520,1,295.162,23.64834,233600,5163,196200,3434,135800,2751,Gaia DR3 2020307918343848960,295.1621916,23.64839736,0,0,168,1.63615E+018,2.02031E+018,1528864127,0.0071,0.0087,6.6939,0.0124,538.9838,37.776,35.353,0.008,13.311,0.012,-0.0952,-0.1395,-0.7354,0.0968,0.1715,0.1026,-0.3097,0.0136,-0.2476,0.0133,781,781,775,6,-7.9541,1057.6,0.041,3.1556,31,TRUE,1.563,,,,,,,,88,23,0.016757,91,0.02029,118.3,0,0,0.804,0,781,1100727.331,332.058,3314.86,10.583167,0.002775,87,598307,546.138,1095.52,10.896232,0.002961,86,720650,535.559,1345.6,10.103585,0.003865,1.198,0,0,0,0,0,0.792646,0.313065,0.479582,-18.29,0.31,1,41,30,15,108.84,4.2668,0.000001,830.903,6.17,5750,4,0.75,444,11.8949,3.5208,10,9.922332,0.016363,10,,VARIABLE,0,0,0.998613,5743.3,5739,5769.3,4.37,4.3668,4.3848,-0.2549,-0.2602,-0.2275,147.8937,147.5672,148.2034,0.0054,0.0023,0.0209,0.0045,0.0019,0.0176,0.0024,0.001,0.0095,MARCS,295.16202,23.6483382,0.129993,0.190753,0.0026,0.357743
SSTSL2 J194254.92+252157.4,1,0,295.72884,25.365965,61.1677,0.929823,1,0,7,1,1,1,1,1,2,0,0,0,0,0,0,0,0,51600,84.11,33690,87.91,22030,162.3,11850,82.13,1762,207.3,0,0,0,0,0,0.95,0,0,0,0,567.1,348,137,136.6,8.5,2,0,0,0,N,1,10.15,11.66,36.59,25.88,81.38,30002561,30002561-29683,0,0,2.44,4.12,1.92,4,4.31,68967284,1,295.7287,25.36587,198200,3834,175700,3560,122100,2137,Gaia DR3 2021615649993894784,295.7290604,25.36613433,0,0,169,1.63615E+018,2.02162E+018,443569384,0.0077,0.0121,7.9568,0.0148,537.0893,90.2,70.196,0.01,56.645,0.016,-0.1818,0.0168,-0.3579,0.0958,-0.0314,0.0913,-0.4103,-0.1608,0.0055,-0.044,687,687,674,13,-1.5733,1605.3,0.103,17.329,31,TRUE,1.531,,,,,,,,77,27,0.023454,80,0.03108,108.2,0,0,0.957,0,649,785040.5341,95.983,8178.96,10.950137,0.002759,77,402564,129.954,3097.75,11.326455,0.002812,76,547198,92.2239,5933.37,10.402534,0.003784,1.21,0,32,0,30,0,0.923922,0.376318,0.547604,-47.65,0.24,1,33,17,16,87.506,-0.049067,0.329046,865.455,4.38,5000,4,0,440,10.5843,4.2244,14,10.191514,0.00648,14,,NOT_AVAILABLE,0,0,0.99964,5480.5,5470.3,5491.6,4.5449,4.5383,4.5516,-0.1844,-0.1934,-0.1744,124.2042,123.961,124.4642,0.1155,0.1084,0.1231,0.0953,0.0895,0.1016,0.0509,0.0478,0.0543,MARCS,295.7287151,25.36588257,0.170243,0.268284,-0.051,0.940993
SSTSL2 J015853.77-731246.1,0,0,29.724058,-73.212808,296.348678,-43.042553,1,0,7,1,1,1,1,1,2,2,2,0,0,0,0,0,0,22200,14.01,13900,12.75,9240,21.59,5148,16.15,558.1,109.4,0,0,0,0,0,1.02,0.95,0.98,0,0,1426.5,981.8,369.2,340.3,5.1,0,0,0,0,N,1,0.8076,1.251,3.649,5.384,80.53,40045991,40045991-138,0,0,4.06,2.86,3.8,2.95,14.22,133798577,1,29.7238,-73.21285,65770,1575,71520,1515,52340,915.9,Gaia DR3 4638620926571714304,29.72427279,-73.21263947,0,0,91,1.63615E+018,4.63862E+018,574845900,0.0116,0.011,6.5269,0.0122,535.2345,54.833,28.561,0.015,46.808,0.013,-0.0026,0.1325,-0.1449,-0.1511,-0.026,-0.1278,0.1818,0.191,-0.1977,-0.0184,317,317,317,0,5.1532,637.69,0.091,10.438,31,TRUE,1.442,,,,,,,,36,26,0.020321,42,0.01286,118.9,0,0,1.212,0,366,174024.5345,40.4203,4305.37,12.58584,0.002767,37,71808.5,61.3127,1171.18,13.198103,0.00294,37,145419,54.2344,2681.31,11.841341,0.003801,1.248,0,0,0,0,0,1.356762,0.612263,0.744499,33.83,1,1,18,4,18,21.091,0.71684,0.209289,973.475,15.69,4500,4,0.5,111,7.9933,6.4224,8,11.531492,0.032171,14,,NOT_AVAILABLE,0,0,0.99989,4555.7,4537.1,4570,4.5935,4.5787,4.598,0.3538,0.2906,0.393,152.9857,152.2438,154.9334,0.1039,0.0869,0.1194,0.0794,0.0663,0.0912,0.0415,0.0346,0.0477,MARCS,29.72383328,-73.21284751,0.233961,0.214209,-0.0044,0.64649
SSTSL2 J052315.37-710056.1,0,0,80.814074,-71.015597,281.941668,-32.673521,1,0,7,1,1,1,1,1,2,2,2,0,0,0,0,0,0,16480,10.71,10910,11.18,7117,16.92,4064,11.37,468.4,69.91,0,0,0,0,0,0.95,1.02,1.02,0,0,1381,873.4,369.6,372,6.7,2,2,0,0,N,1,0.8454,1.153,3.426,4.572,46.94,40019951,40019951-154,0,0,4.62,8.96,6.18,7.34,31,852993706,1,80.81398,-71.01564,37770,765.4,44790,907.6,34450,602.9,Gaia DR3 4651873756879724544,80.81403649,-71.01534808,0,0,151,1.63615E+018,4.65187E+018,921078723,0.0146,0.0155,8.1331,0.0153,532.986,84.572,4.317,0.022,84.462,0.02,-0.0923,-0.0462,0.0214,-0.0764,0.3367,-0.0404,-0.414,0.1713,-0.3192,-0.1452,307,0,307,0,-1.1381,256.68,0,0,31,FALSE,1.324,,,,,,,,35,25,0.031307,41,0.01789,19.31,0,0,0.953,0,339,45988.65974,59.3475,774.905,14.03074,0.003091,40,12106.7,72.6421,166.662,15.130978,0.007087,39,50782.1,171.196,296.63,12.983619,0.005261,1.367,0,0,0,0,0,2.147359,1.100238,1.047121,34.6,6.53,2,20,5,18,13.632,,,904.308,,3600,4.5,-1,111,,,,12.527119,0.022093,16,,NOT_AVAILABLE,0,0,0.997667,3615.5,3614.3,3617,4.3677,4.3647,4.3731,-0.7969,-0.7993,-0.7908,122.2486,121.8434,122.5327,0.4133,0.4093,0.4176,0.2833,0.2805,0.2863,0.1657,0.1641,0.1674,MARCS,80.81397752,-71.01572347,0.345076,0.325004,-0.1373,0.897173
SSTSL2 J004955.34-743434.3,0,0,12.480592,-74.576198,303.068706,-42.551651,1,0,7,1,1,1,1,1,2,2,2,0,0,0,0,0,0,18840,11.35,12580,9.871,8024,17.98,4547,13.03,472.2,73.78,0,0,0,0,0,1.02,0.98,1.02,0,0,1488.8,1155.9,391.7,380.1,6.4,0,0,0,0,N,1,0.7498,1.052,2.741,4.203,42.07,40045991,40045991-103,0,0,5.11,4.56,4.95,4.21,23.25,52317731,1,12.48094,-74.57622,51950,1005,58880,1302,41920,810.8,Gaia DR3 4685480226663761408,12.48079394,-74.57611808,0,0,133,1.63615E+018,4.68548E+018,766118148,0.0126,0.0125,7.2849,0.0137,530.6479,22.974,-8.625,0.016,21.294,0.016,-0.1006,0.0995,-0.1997,0.0246,-0.1073,0.0221,-0.0267,-0.178,0.0059,-0.2208,331,88,331,0,3.7058,688.94,0.101,9.2083,31,FALSE,1.418,,,,,,,,39,26,0.024746,42,0.02883,85.64,1,0,1.148,0,351,119725.6955,25.989,4606.79,12.991899,0.002765,39,45794.6,35.4647,1291.27,13.686506,0.002914,39,105843,47.1343,2245.55,12.186244,0.00381,1.267,0,2,0,0,0,1.500262,0.694608,0.805655,9.39,1.14,1,19,4,17,22.548,1.2166,0.135864,971.72,14,4500,4.5,0.5,111,11.0929,9.6962,8,11.845464,0.017645,15,22.32911,NOT_AVAILABLE,0,0,0.999726,4419.6,4416.6,4422.6,4.6707,4.6703,4.6708,0.1376,0.1325,0.141,139.0875,138.8892,139.2644,0.293,0.2881,0.2978,0.22,0.2162,0.2237,0.1158,0.1138,0.1178,MARCS,12.48093806,-74.57621272,0.259434,0.259961,-0.2203,0.346629
SSTSL2 J033458.09-285803.1,0,0,53.742076,-28.967532,225.66701,-54.050626,1,0,7,1,1,1,1,1,2,2,2,0,0,0,0,0,0,7203,4.225,5003,5.386,3363,9.907,1900,8.362,308.3,43.43,0,0,0,0,0,0.95,0.98,1.02,0,0,1539.9,836.4,301.3,274.1,7.1,0,0,0,0,P,2,0.3316,0.5666,1.789,3.151,29.36,60095881,60095881-15,1,1,3.8,4.09,4.05,3.91,66.69,181265994,1,53.74204,-28.96747,12530,300.1,14130,312.2,12510,299.5,Gaia DR3 5057096946185559040,53.74210688,-28.96763165,0,0,152,1.63615E+018,5.0571E+018,990491307,0.0239,0.0303,21.9585,0.0416,527.6661,33.93,13.842,0.03,-30.978,0.041,-0.3456,0.1848,-0.1607,0.1045,-0.1869,0.0899,-0.1361,0.0331,0.0328,-0.3616,642,0,637,5,0.8888,854.48,0.191,4.1907,31,FALSE,1.206,,,,,,,,73,30,0.0602,86,0.004081,27.05,0,0,1.025,0,732,6666.18564,3.27956,2032.65,16.127674,0.002807,82,674.382,6.23913,108.089,18.266277,0.010425,80,9710.77,12.0509,805.812,14.779761,0.004012,1.558,0,6,0,3,0,3.486516,2.138603,1.347913,,,,,,,,,,,,,,,,,,,,,,,NOT_AVAILABLE,0,0,0.999996,,,,,,,,,,,,,,,,,,,,,,,53.74203656,-28.96749396,0.487742,0.658454,-0.3657,0.371681
SSTSL2 J110156.15+562618.3,0,0,165.483989,56.438441,149.08113,54.773936,1,0,7,1,1,1,1,1,2,2,2,2,0,0,0,0,0,13370,9.986,8760,8.949,6105,20,3393,14.23,413.9,24.49,0,0,0,0,0,0.92,0.95,0.95,0.95,0,1216.5,888.5,305.9,254.3,16.9,0,0,0,0,N,1,0.7795,1.092,4.623,4.713,18.28,40015960,40015960-0,0,0,3.72,5.27,3.85,5.81,318.78,567045205,1,165.4841,56.43841,28370,653.2,31860,674.8,26180,385.8,Gaia DR3 856848041432613376,165.4837479,56.43855083,0,0,31,1.63615E+018,8.56848E+017,888314083,0.0108,0.0142,11.1947,0.0212,527.3615,46.519,-36.802,0.014,28.454,0.019,0.5101,-0.2376,-0.2348,0.0154,-0.1189,-0.0263,-0.0643,0.0771,-0.1735,0.565,715,0,705,10,4.2337,832.94,0.06,2.1452,31,TRUE,1.304,,,,,,,,81,25,0.029414,88,0.003136,38.02,0,0,1.115,0,726,33653.71092,10.4463,3221.6,14.369784,0.002776,82,7758.43,22.836,339.746,15.614107,0.004242,81,39312.7,31.3691,1253.23,13.261563,0.003877,1.399,0,0,0,0,0,2.352544,1.244323,1.108221,-0.17,1.38,2,46,7,24,17.205,,,992.189,,3600,4.5,-0.25,101,,,,12.696478,0.036221,39,,VARIABLE,0,0,0.992964,3573.9,3567.8,3578.2,4.726,4.7073,4.7337,-0.4086,-0.4453,-0.3828,89.8661,89.5911,91.6733,0.6548,0.6477,0.6604,0.4393,0.4345,0.4431,0.2648,0.262,0.2671,MARCS,165.4840438,56.43842436,0.220253,0.308398,0.5572,0.621733
SSTSL2 J105413.69-615616.3,0,0,163.557068,-61.937882,289.611482,-2.136012,1,0,7,1,1,1,1,1,2,2,2,0,1,0,0,0,0,114600,96.94,75060,116.4,48470,151.8,26910,104.4,3386,131.7,0,0,0,0,0.9,1.02,0.98,1.02,0,0,1063.1,581,280.6,236.9,25.7,3,3,0,0,P,1,9.374,10.91,34.24,23.52,85.83,30002561,30002561-25814,0,0,5.19,3,5.23,3.2,10.61,792857724,1,163.5572,-61.93786,514800,15170,386200,20270,265000,5125,Gaia DR3 5241861762038385024,163.5568353,-61.93782567,0,0,74,1.63615E+018,5.24186E+018,836725679,0.0111,0.0108,6.6382,0.0127,521.648,39.671,-38.284,0.014,10.399,0.013,0.0157,-0.1632,-0.3209,0.0592,0.2335,0.1154,-0.103,0.1124,-0.0657,0.1987,371,371,366,5,-3.7873,586.59,0.073,5.031,31,FALSE,1.601,,,,,,,,42,26,0.020845,49,0.01815,143.6,0,0,0.862,0,394,2919967.984,512.919,5692.84,9.523922,0.002762,48,1699830,873.596,1945.78,9.762531,0.002845,47,1771420,500.386,3540.11,9.12709,0.003792,1.189,0,0,0,0,0,0.635441,0.238609,0.396832,16.5,1.28,1,6,3,6,66.011,2.911,0.000368,520.499,6.73,6000,3.5,0,440,,,,8.956937,0.007358,3,,NOT_AVAILABLE,0,0,0.992964,6394.7,6381.7,6409.9,4.1879,4.1827,4.1935,-0.4154,-0.4256,-0.4051,150.4456,150.1658,150.7478,0.0655,0.0592,0.0734,0.0569,0.0514,0.0638,0.0308,0.0278,0.0345,MARCS,163.557197,-61.93787188,0.230446,0.204459,0.1853,0.443146
SSTSL2 J020916.03-751259.2,0,0,32.316804,-75.21646,296.473157,-40.920879,1,0,7,1,1,1,1,1,2,2,2,0,0,0,0,0,0,20160,12.94,12990,11.02,8698,20.42,4815,13.28,508.5,90.8,0,0,0,0,0,1.02,0.98,0.95,0,0,1394.3,1051.5,371.9,364.2,5.6,0,0,0,0,N,1,0.7825,1.077,3.54,4.648,51.71,40045991,40045991-49,0,0,4.1,4.42,3.84,4.67,20.23,133861869,1,32.31651,-75.21649,55980,1186,62630,1442,45750,969.2,Gaia DR3 4637255131267911808,32.31679923,-75.21642542,0,0,60,1.63615E+018,4.63726E+018,962061236,0.0135,0.0131,7.4325,0.0143,519.7437,22.096,16.268,0.016,14.952,0.017,0.0533,0.1472,-0.1448,-0.1301,0.0045,-0.079,0.1393,0.0821,-0.1915,0.1096,319,232,318,1,5.9606,808.67,0.119,14.518,31,TRUE,1.417,,,,,,,,37,25,0.024055,43,0.01889,55.38,0,0,1.246,0,352,129182.2148,31.1492,4147.21,12.90936,0.002768,43,49400.6,39.6606,1245.58,13.604213,0.002923,43,114100,43.923,2597.72,12.104684,0.003802,1.266,0,0,0,0,0,1.499529,0.694853,0.804676,49.21,1.28,1,22,6,19,24.408,3.1994,0.000445,974.15,17.72,4500,4,0.5,111,11.0597,19.2334,11,11.770974,0.016526,16,24.68818,NOT_AVAILABLE,0,0,0.999806,,,,,,,,,,,,,,,,,,,,,,,32.31651587,-75.21649187,0.259192,0.264074,0.1201,0.124575
SSTSL2 J172323.72+594323.5,0,0,260.848857,59.723218,88.522853,34.191124,1,0,7,1,1,1,1,1,2,2,2,0,0,0,0,0,0,18920,9.816,11910,8.653,7727,15.79,4215,10.95,460.9,11.73,0,0,0,0,0,1.02,1.02,1.02,0,0,1728.8,1236.3,439.6,428.3,39.3,0,0,0,0,N,1,0.7119,1.01,3.945,4.09,17.23,60095751,60095751-29,1,1,8.04,7.05,7,6.97,295.84,637393521,1,260.8491,59.72319,69310,1404,64740,894.5,43970,810,Gaia DR3 1434306085142211712,260.8489037,59.72317877,0,0,177,1.63615E+018,1.43431E+018,799498548,0.0092,0.0106,5.1184,0.0099,518.7943,16.238,-12.015,0.012,-10.923,0.015,-0.0145,-0.1745,0.0598,0.0024,0.1106,-0.0612,-0.4148,-0.2016,-0.1645,0.0688,289,289,289,0,-0.4174,462.9,0.06,4.7707,31,TRUE,1.515,,,,,,,,33,24,0.021037,40,0.003965,168.2,0,0,0.981,0,321,255397.6381,62.8448,4063.94,12.169325,0.002768,40,126551,97.9586,1291.89,12.582875,0.002914,39,183609,86.2259,2129.4,11.58816,0.003814,1.214,0,0,0,0,0,0.994716,0.41355,0.581165,-3.48,0.85,1,19,2,17,33.292,1.9402,0.027202,881.647,11.88,5250,3.5,0,111,8.7164,9.294,14,11.353113,0.009807,17,32.26846,NOT_AVAILABLE,0,0,0.999661,5331.7,5273.8,5337.7,4.6116,4.5694,4.613,-0.0391,-0.093,-0.0327,193.6776,193.2657,194.2503,0.1373,0.0967,0.1421,0.1119,0.0787,0.1159,0.0594,0.0418,0.0616,MARCS,260.8490096,59.72322732,0.197936,0.239377,0.0702,0.16474
SSTSL2 J160337.69+550241.1,0,0,240.907058,55.044775,85.406519,45.610712,1,0,7,1,1,1,1,1,2,2,2,0,0,0,0,0,0,11490,5.343,6822,4.681,5324,10.06,2943,8.601,379.4,46.84,0,0,0,0,0,0.95,0.95,0.98,0,0,1889.7,1295.1,500.6,405.2,8.1,2,0,0,0,N,1,0.3325,0.5822,2.781,2.841,27.47,60095791,60095791-47,1,1,5.14,3.55,5.35,4.07,37.06,618897378,1,240.9071,55.04477,38900,752.5,40220,555.6,29080,428.5,Gaia DR3 1621344283020718976,240.9069397,55.04478865,0,0,19,1.63615E+018,1.62134E+018,1388028439,0.0086,0.0098,4.981,0.0097,515.6342,20.066,-19.993,0.011,1.707,0.012,0.1098,-0.1811,-0.033,0.0147,0.1819,-0.0435,-0.2746,-0.1404,-0.1458,0.2057,357,9,356,1,-0.1931,380.65,0,2.15E-15,31,TRUE,1.46,,,,,,,,41,27,0.017698,44,0.009941,30.67,0,0,0.992,0,371,111398.6114,22.2322,5010.68,13.070168,0.002764,40,48195.5,41.9889,1147.81,13.631026,0.002946,38,89717.5,62.3947,1437.9,12.365703,0.003854,1.238,0,2,0,1,0,1.265324,0.560859,0.704465,-14.86,1.27,2,20,1,16,20.982,,,948.187,,4500,4,0.25,111,,,,12.094029,0.017678,19,20.14361,NOT_AVAILABLE,0,0,0.999826,4717.4,4712.2,4723.2,4.6371,4.6333,4.6452,0.158,0.1486,0.1676,198.4439,197.1381,198.9472,0.1376,0.1309,0.1444,0.1068,0.1016,0.1121,0.056,0.0532,0.0588,MARCS,240.9070948,55.04478107,0.175116,0.192935,0.2038,0.248957
SSTSL2 J061239.09-065007.6,0,0,93.162905,-6.835459,214.668299,-11.718655,1,0,7,1,1,1,1,1,2,2,2,0,0,0,0,0,0,18480,15.31,12390,12.36,8090,18.31,4854,13.68,538.1,80.31,0,0,0,0,0,0.95,0.98,0.95,0,0,1064.6,875,378.4,337.1,6.7,3,3,3,0,N,1,0.8526,1.158,3.35,5.73,65.74,40045501,40045501-10,0,0,4.61,7.97,4.81,7.64,19.92,146825944,1,93.16297,-6.835377,40180,851.1,46860,1079,35910,628.4,Gaia DR3 3019699151138652800,93.16288028,-6.835527519,0,0,84,1.63615E+018,3.0197E+018,1355028542,0.0138,0.0136,9.3648,0.0183,512.5218,36.208,-17.021,0.017,-31.957,0.018,0.004,-0.1108,-0.1525,0.1009,-0.3666,0.1383,-0.3061,-0.0129,0.3141,-0.1767,237,0,237,0,2.1809,262.71,0.002,0.002364,31,FALSE,1.342,,,,,,,,27,18,0.027481,27,0.07417,94.67,0,0,1.101,0,227,59780.36749,19.8784,3007.31,13.745971,0.002779,24,16875.7,27.028,624.38,14.770387,0.003288,24,63462.1,51.6269,1229.24,12.74161,0.003881,1.344,0,1,0,0,0,2.028777,1.024416,1.004361,-13.72,2.28,2,13,4,10,11.527,,,941.012,,3900,4.5,0,101,,,,12.220389,0.05093,9,,NOT_AVAILABLE,0,0,0.996487,,,,,,,,,,,,,,,,,,,,,,,93.16295647,-6.835385487,0.278681,0.295653,-0.1838,0.262018
SSTSL2 J014705.36-744849.6,0,0,26.772355,-74.8138,298.086134,-41.786695,1,0,7,1,1,1,1,1,2,2,2,0,0,0,0,0,0,17100,11.43,10830,9.723,6869,17.71,4036,13.23,471,70.3,0,0,0,0,0,0.95,0.95,1.02,0,0,1361.9,1002.9,346.4,300.5,6.7,0,0,0,0,N,1,0.7669,1.049,3.458,4.652,45.67,40045991,40045991-74,0,0,2.9,5.48,4.13,6.18,31.02,1322011523,1,26.77194,-74.81372,53510,1133,55670,1077,39590,692.8,Gaia DR3 4638217715042101504,26.77276052,-74.81384339,0,0,116,1.63615E+018,4.63822E+018,963501840,0.0103,0.0095,5.2537,0.0104,507.1121,50.401,44.367,0.013,-23.912,0.012,-0.1097,0.1632,-0.1548,-0.1204,-0.0316,-0.0869,0.188,0.0008,-0.1368,-0.0727,405,378,403,2,4.0763,757.88,0.083,8.9691,31,TRUE,1.457,,,,,,,,47,28,0.01818,53,0.02587,93.6,0,0,1.147,0,451,151915.9667,24.773,6132.32,12.733358,0.002761,50,65312,39.4924,1653.78,13.301061,0.002866,50,122793,33.2051,3698.03,12.024957,0.003791,1.238,0,0,0,0,0,1.276104,0.567702,0.708402,36.45,0.73,1,24,6,22,27.522,0.96934,0.133701,973.399,10.65,4500,4,0.5,111,9.9162,8.7021,10,11.77397,0.054523,18,27.38571,NOT_AVAILABLE,0,0,0.999838,4673.3,4656.1,4684.9,4.5641,4.5533,4.5673,0.4003,0.3483,0.4297,189.9849,189.3126,191.6186,0.0674,0.0523,0.0784,0.052,0.0403,0.0606,0.0271,0.021,0.0316,MARCS,26.77200777,-74.81373711,0.206342,0.196462,-0.0627,0.413095
SSTSL2 J223234.75+590743.9,0,0,338.14481,59.128877,105.939345,0.917196,1,0,7,1,1,1,1,1,2,2,2,0,0,0,0,0,0,20590,10.81,13650,9.321,8473,17.42,4863,14.14,676.1,127.6,0,0,0,0,0,0.95,0.98,0.95,0,0,1735.1,1337.1,439,392.4,5.3,2,0,0,0,N,1,0.9542,1.076,3.655,5.071,62.73,30002711,30002711-29772,0,0,5.7,5.48,4.39,6.14,10.24,521984965,1,338.1448,59.12889,73180,1415,68550,1073,47690,834.5,Gaia DR3 2200216122591399808,338.1448102,59.12885194,0,0,150,1.63615E+018,2.20022E+018,1787186897,0.0085,0.0096,5.167,0.0102,506.7449,12.619,8.13,0.011,-9.651,0.011,-0.2127,-0.078,-0.0231,-0.0352,0.1088,-0.0539,-0.3061,-0.0916,-0.0059,-0.2335,358,358,358,0,-0.8807,554.52,0.047,3.0824,31,FALSE,1.501,,,,,,,,42,27,0.017307,46,0.02334,57.21,0,0,0.966,0,357,256433.7396,40.8585,6276.14,12.164929,0.002761,40,123174,73.0874,1685.3,12.612243,0.002864,39,188875,50.4063,3747.06,11.557458,0.00379,1.217,0,0,0,0,0,1.054785,0.447313,0.607471,-0.38,0.85,1,24,11,22,35.709,-1.3222,0.946157,990.638,7.53,5000,3.5,0,111,6.8871,13.2369,12,11.318114,0.027607,13,,NOT_AVAILABLE,0,0,0.99968,5132.5,5123.3,5141.7,4.523,4.5203,4.526,-0.0243,-0.0335,-0.0152,193.0229,192.6135,193.4246,0.1146,0.1068,0.1224,0.0923,0.086,0.0986,0.0489,0.0455,0.0522,MARCS,338.1447398,59.12889484,0.181804,0.180527,-0.225,0.090209
SSTSL2 J161226.21+214645.1,0,0,243.109216,21.779207,37.691851,44.239448,1,0,7,1,1,1,1,1,2,2,2,0,0,0,0,0,0,21460,16.39,14470,10.09,9816,20.48,5486,16.77,764.9,100.6,0,0,0,0,0,1.02,1.02,1.02,0,0,1168.1,1307.9,455.1,380.1,7.6,0,0,0,0,N,1,0.8468,1.259,4.547,6.068,61.61,40046451,40046451-6,0,0,4.07,4.07,4.07,4.07,21.27,979735561,1,243.1093,21.77916,44790,990.1,54500,1456,43010,831.9,Gaia DR3 1205406112339634944,243.1090193,21.77920151,0,0,30,1.63615E+018,1.20541E+018,405507870,0.0083,0.0096,7.7842,0.0154,506.1846,62.033,-60.48,0.012,13.795,0.014,0.2641,-0.1804,-0.3104,-0.116,0.0363,-0.1163,-0.2222,-0.0547,-0.0914,0.4272,668,9,664,4,3.1863,725.97,0.017,0.24168,31,FALSE,1.315,,,,,,,,77,24,0.022294,81,0.01386,161.9,0,0,1.089,0,678,53570.26596,29.3079,1827.84,13.865057,0.002819,75,13415.4,42.1525,318.258,15.019535,0.004407,74,60065.9,84.9946,706.702,12.801326,0.00408,1.372,1,1,0,1,0,2.218209,1.154478,1.063731,-59.24,3.69,2,34,3,18,19.516,,,951.975,,3500,4,-1.5,111,,,,12.299549,0.027073,32,20.53344,VARIABLE,0,0,0.997667,3812,3805.9,3821.8,4.5009,4.4836,4.5199,-0.1776,-0.224,-0.1148,126.3174,122.0223,127.7498,0.9545,0.9481,0.9613,0.6559,0.6514,0.6607,0.3756,0.3731,0.3782,MARCS,243.1093087,21.7791402,0.200301,0.228738,0.4271,0.658013
SSTSL2 J083431.31-502355.8,0,0,128.630472,-50.398848,267.677339,-6.008837,1,0,7,1,1,1,1,1,2,2,2,0,1,0,0,0,0,11570,8.97,7563,8.021,5066,15.44,2856,13.02,372.4,45.41,0,0,0,0,0.53,0.98,1.02,0.98,0,0,1188.6,861.7,306.6,257.7,8.2,2,0,0,0,N,1,0.9328,1.19,3.562,5.725,36.44,40046160,40046160-0,0,0,3.88,6.2,3.98,6.22,36.61,156857991,1,128.6305,-50.3989,25230,604.3,29190,564.5,22570,478.2,Gaia DR3 5322753867590924416,128.6304979,-50.39881789,0,0,136,1.63615E+018,5.32275E+018,523853223,0.0136,0.0136,7.7291,0.0153,505.7624,16.587,3.768,0.017,16.153,0.015,-0.0734,-0.0434,-0.1547,0.1502,0.3274,0.2222,-0.2177,0.2583,-0.0965,-0.062,363,9,363,0,2.4067,406.77,0,0,31,FALSE,1.33,,,,,,,,41,27,0.024805,45,0.01052,154.1,0,0,1.09,0,360,35325.39229,13.0438,2708.21,14.317149,0.002784,39,9484.15,17.895,529.988,15.396047,0.003461,39,38418.3,27.627,1390.6,13.286551,0.003859,1.356,0,1,0,1,0,2.109496,1.078897,1.030599,-1.51,3.01,2,15,1,14,7.8479,,,878.608,,3800,4.5,0,101,,,,12.870925,0.058651,14,,VARIABLE,0,0,0.998258,3808,3806.7,3809.3,4.7085,4.7067,4.7099,-0.0001,-0.002,0.0015,128.7166,128.4827,128.9532,0.5734,0.5699,0.5772,0.3971,0.3945,0.3997,0.2276,0.2262,0.2291,MARCS,128.6304716,-50.39888968,0.278401,0.24756,-0.0801,0.12358
SSTSL2 J022736.84-733831.8,0,0,36.903526,-73.642189,294.078436,-41.7921,1,0,7,1,1,1,1,1,2,2,2,0,0,0,0,0,0,16410,10.84,10500,9.676,6870,16.84,3830,12.98,688.4,132.4,0,0,0,0,0,0.95,0.98,0.95,0,0,1354.9,969,354.8,292.2,5.2,2,0,0,0,N,1,0.7766,1.086,3.542,4.712,76.48,40045991,40045991-90,0,0,5.78,5.96,5.78,5.78,11.36,133974894,1,36.90315,-73.64217,57760,1170,53800,1239,38620,818.1,Gaia DR3 4643640338887885952,36.90356477,-73.64217237,0,0,102,1.63615E+018,4.64364E+018,627507880,0.0093,0.0087,4.9075,0.0097,505.2722,20.31,20.274,0.011,1.214,0.011,-0.0264,0.2654,-0.0982,-0.1598,-0.0764,-0.1126,0.1223,0.0681,-0.2226,-0.0511,358,358,356,2,2.404,634.86,0.064,6.074,31,TRUE,1.51,,,,,,,,41,27,0.016141,48,0.02095,87.07,1,0,1.091,0,406,209396.0881,38.5618,5430.14,12.384946,0.002763,45,102542,54.1055,1895.23,12.811283,0.002848,44,152371,48.5967,3135.41,11.790643,0.003795,1.217,0,0,0,0,0,1.02064,0.426337,0.594303,12.76,0.98,1,18,3,15,26.901,0.65989,0.152922,899.543,12.72,5000,4,0,111,9.3118,11.2867,12,11.555617,0.017275,15,,NOT_AVAILABLE,0,0,0.99964,5290.2,5279,5297.6,4.6229,4.6065,4.6258,-0.0816,-0.0915,-0.0744,201.2527,200.5742,201.8725,0.1727,0.1639,0.1782,0.1403,0.1331,0.1448,0.0746,0.0707,0.077,MARCS,36.90324483,-73.64217776,0.173817,0.18154,-0.0371,0.071622
SSTSL2 J014538.52-742726.8,0,0,26.410502,-74.457451,298.073581,-42.155597,1,0,7,1,1,1,1,1,2,2,2,0,0,0,0,0,0,23020,12.47,15090,12.89,9660,25.1,5453,12.32,694.6,70.88,0,0,0,0,0,0.95,0.95,0.95,0,0,1647,1035,323,412.4,9.8,0,0,0,0,N,1,0.7338,1.065,3.408,4.22,46.14,40045991,40045991-96,0,0,3.85,8.68,3.84,9.26,23.5,1321998624,1,26.4097,-74.45754,86860,2080,78270,1514,53510,1133,Gaia DR3 4638241285822609664,26.41084699,-74.45742096,0,0,99,1.63615E+018,4.63824E+018,209666802,0.0109,0.0096,5.3241,0.0106,504.4184,72.425,67.512,0.014,26.221,0.012,-0.0417,0.1189,-0.3832,-0.1796,-0.1703,-0.1813,0.1139,0.0951,-0.2222,-0.0586,341,341,341,0,-0.9102,706.42,0.073,7.6614,31,TRUE,1.528,,,,,,,,39,27,0.019574,43,0.02856,68.39,0,0,0.964,0,361,351788.4753,95.6991,3675.99,11.821663,0.002771,40,178506,199.372,895.34,12.209411,0.003042,39,246565,178.492,1381.38,11.268065,0.00386,1.208,0,0,0,0,0,0.941345,0.387748,0.553597,14.2,0.5,1,21,1,19,40.746,0.31182,0.349246,947.48,7.48,5250,5,0.25,444,7.3898,6.632,17,11.073755,0.012575,20,,NOT_AVAILABLE,0,0,0.999772,,,,,,,,,,,,,,,,,,,,,,,26.40972719,-74.4575375,0.22244,0.190597,-0.04,0.349916
SSTSL2 J161316.59+552126.3,0,0,243.319154,55.35733,85.231442,44.20463,1,0,7,1,1,1,1,1,0,0,0,0,0,0,0,0,0,173.9,0.9305,148.1,1.328,136,5.849,212.7,6.526,248.8,40.12,0,0,0,0,0,0,0,0,0,0,210.9,148.2,27.7,45.1,6.2,0,0,0,0,N,1,0.3274,0.5554,2.801,2.872,27.19,60095791,60095791-54,1,1,5.71,5.93,6.14,6.13,60.25,648699985,1,243.3194,55.35728,581.3,46.04,332.4,63.36,404.4,,Gaia DR3 1429618420396285952,243.3190896,55.35717971,0,0,62,1.63615E+018,1.42962E+018,179690673,0.0308,0.0276,15.1648,0.0301,503.8845,28.497,-27.557,0.038,-7.258,0.037,0.1653,-0.3028,-0.0177,0.1731,-0.0878,0.137,-0.0989,-0.0353,-0.132,0.1793,320,0,319,1,-0.635,328.24,0,0,31,FALSE,1.749,,,,,,,,37,27,0.056799,41,0.005344,155.9,0,0,0.974,0,322,7917.33445,7.01248,1129.03,15.940919,0.002918,35,5662.35,13.7774,410.989,15.95605,0.003842,38,3292.01,9.97735,329.949,15.954242,0.005011,1.131,0,3,0,0,0,0.001808,0.015131,-0.013323,,,,,,,,,,,,,,,,,,,,,,,VARIABLE,0,0,0.00005,,,,,,,,,,,,,,,,,,,,,,,243.319305,55.35721197,0.614125,0.596389,0.1634,0.55689
SSTSL2 J193428.30+215630.8,1,0,293.61793,21.94189,57.235117,0.9332,1,0,7,1,1,1,1,1,2,2,2,0,0,0,0,0,0,138800,233.3,90050,163.3,57810,220.1,31990,122.5,3619,121.8,0,0,0,0,0,1.02,1.02,1.02,0,0,528.2,493.1,241.7,234.3,29.7,2,0,0,0,N,1,10.22,11.75,37.53,27.23,83.04,30002561,30002561-29675,0,0,1.01,2.06,2.04,3.15,13.36,1245341007,1,293.6178,21.94198,599800,11050,470800,9105,328400,5747,Gaia DR3 2018499599663182848,293.6179977,21.9419953,0,0,162,1.63615E+018,2.0185E+018,293488117,0.0078,0.0096,7.3349,0.0146,503.0528,35.564,35.551,0.013,0.989,0.014,-0.1501,-0.0597,-0.2408,-0.1675,-0.02,-0.2281,-0.0079,0.1748,-0.2228,-0.2278,536,536,526,10,-4.5047,799.29,0.069,7.0729,31,TRUE,1.56,,,,,,,,61,24,0.020981,65,0.02536,153.2,0,0,0.863,0,544,2631896.469,559.149,4706.96,9.636695,0.002765,63,1421180,803.745,1768.2,9.956917,0.002857,61,1739260,658.165,2642.59,9.146983,0.003802,1.201,0,0,0,0,0,0.809934,0.320222,0.489712,,,,,,,,,,,,,,,,,,,,,,,NOT_AVAILABLE,0,0,0.992964,5673.4,5672.5,5674.6,4.2133,4.2124,4.2143,-0.3016,-0.3054,-0.2971,135.5471,135.2662,135.8027,0.0004,0.0001,0.0012,0.0004,0.0001,0.001,0.0002,0,0.0006,MARCS,293.6178274,21.94199091,0.208804,0.224182,-0.2096,0.441403
SSTSL2 J013207.62-725617.3,0,0,23.031788,-72.938141,298.810546,-43.863028,1,0,7,1,1,1,1,1,2,2,2,0,0,0,0,0,0,17540,11.74,11010,10.24,7380,18.27,4014,13.55,526.1,83.52,0,0,0,0,0,0.95,1.02,1.02,0,0,1345.6,972.3,352.1,323.8,6.3,0,0,0,0,N,1,0.7859,1.069,3.504,4.648,49.06,40045991,40045991-163,0,0,3.81,4.07,5.09,4.06,23.73,1321896297,1,23.03219,-72.93805,59050,1305,57230,1107,40810,714.2,Gaia DR3 4686482289774823296,23.03178296,-72.93822646,0,0,123,1.63615E+018,4.68648E+018,704863927,0.0104,0.0098,5.3577,0.0107,500.2758,45.811,-24.821,0.014,-38.504,0.014,-0.1359,0.0921,-0.1651,-0.0898,-0.1738,-0.021,0.2851,0.0383,-0.1998,0.0082,338,338,333,5,2.279,583.19,0.072,6.2569,31,TRUE,1.492,,,,,,,,39,25,0.019258,47,0.02628,96.26,0,0,1.089,0,389,194387.5932,44.7732,4341.6,12.465695,0.002767,46,91447.8,54.4228,1680.32,12.935609,0.002864,45,146643,65.032,2254.94,11.832242,0.00381,1.225,0,0,0,1,0,1.103367,0.469913,0.633453,20.32,0.56,1,23,5,18,29.066,-1.6109,0.961471,972.65,9.33,4250,5,0,444,,,,11.600746,0.019661,18,,NOT_AVAILABLE,0,0,0.999389,4928.2,4922.5,4934.2,4.5702,4.5681,4.5719,-0.0831,-0.0892,-0.0773,186.119,185.773,186.5151,0.0368,0.0312,0.0422,0.0292,0.0248,0.0336,0.0154,0.0131,0.0178,MARCS,23.03215895,-72.93805533,0.220456,0.215386,0.0132,0.30771
SSTSL2 J162753.52+422639.2,0,0,246.973025,42.444225,66.940131,43.844762,1,0,7,1,1,1,1,1,2,2,2,0,0,0,0,0,0,15060,11.11,9487,9.772,6356,18.83,3433,12.6,392.5,44.6,0,0,0,0,0,1.02,0.92,0.95,0,0,1225.7,876.9,310,300.5,8.8,0,0,0,0,N,1,0.7779,1.102,4.338,4.686,26.89,60091101,60091101-4,1,1,3.94,3.59,3.81,4.94,48.8,662739479,1,246.9731,42.4443,48220,1021,49890,1057,34260,631.1,Gaia DR3 1381195034956162176,246.9730139,42.44412572,0,0,19,1.63615E+018,1.3812E+018,1563524614,0.0085,0.0102,5.1893,0.0104,498.0931,44.492,-7.487,0.011,-43.858,0.013,0.138,-0.1386,0.0023,0.0547,0.0637,0.0168,-0.1869,-0.1211,-0.103,0.2533,393,369,389,4,2.9899,703.43,0.07,6.6444,31,TRUE,1.478,,,,,,,,45,26,0.018885,49,0.01883,135.9,1,0,1.109,0,404,153287.7742,28.101,5454.88,12.723598,0.002762,44,69633.5,46.0496,1512.14,13.231497,0.002881,44,118746,41.4692,2863.48,12.061346,0.003798,1.229,0,1,0,0,0,1.170151,0.507898,0.662252,-21.97,1.17,1,24,2,20,26.768,0.49302,0.287772,950.704,11.78,4750,4,0.25,111,6.8242,8.2334,12,11.815464,0.019929,22,26.2784,NOT_AVAILABLE,0,0,0.999751,4886.8,4882.2,4892.6,4.64,4.6381,4.6418,0.1298,0.1247,0.1351,190.7808,190.2713,191.2646,0.1095,0.1045,0.1156,0.0864,0.0825,0.0912,0.0454,0.0433,0.0479,MARCS,246.973059,42.44432065,0.172361,0.208472,0.2472,0.35862
SSTSL2 J020814.25-743122.2,0,0,32.059416,-74.522845,296.193878,-41.585356,1,0,6,1,1,1,1,1,2,2,2,0,0,0,0,0,0,18240,10.8,11650,11.56,7697,20.29,4325,10.97,465.2,77.53,0,0,0,0,0,0.92,1.02,1.02,0,0,1512.2,897.9,320.5,410.6,6,3,3,0,0,P,1,0.7341,0.9972,3.284,4.19,51.61,40045991,40045991-71,0,0,7.17,7.14,6.16,7.19,30.31,,0,,,,,,,,,Gaia DR3 4637547738800440960,32.05871985,-74.52300681,0,0,116,1.63615E+018,4.63755E+018,67519640,0.0132,0.0115,6.4686,0.0131,495.4028,110.834,-84.925,0.017,-71.218,0.015,-0.179,0.2422,-0.1103,-0.1889,-0.2021,-0.1299,0.1573,-0.0356,-0.2264,-0.1197,335,9,333,2,7.1499,582.97,0.097,9.4012,31,FALSE,1.411,,,,,,,,39,27,0.023802,45,0.01595,44.39,0,0,1.291,0,371,112841.9797,19.7578,5711.27,13.05619,0.002762,42,42216.8,34.0764,1238.89,13.774828,0.002925,40,101363,39.7342,2551.02,12.2332,0.003803,1.272,0,20,0,2,0,1.541628,0.718637,0.82299,52.16,1.03,1,17,3,15,19.676,1.0028,0.141558,890.818,13.41,4500,4.5,0.75,111,,,,11.899001,0.040154,14,,NOT_AVAILABLE,0,0,0.999617,4415.8,4411.7,4418.6,4.617,4.6135,4.619,0.4979,0.4752,0.5035,153.5357,153.2176,154.1471,0.3095,0.3048,0.3141,0.2309,0.2274,0.2344,0.1218,0.1199,0.1236,MARCS,32.06013426,-74.52269028,0.269207,0.240881,-0.1046,0.88689
SSTSL2 J133237.98+624516.2,0,0,203.158278,62.754519,114.978938,53.733031,1,0,7,1,1,1,1,1,2,2,2,0,0,0,0,0,0,14470,6.743,8928,6.525,5909,11.6,3316,14.68,334.9,47.85,0,0,0,0,0,0.95,1.02,1.02,0,0,1931.4,1342.5,475.2,287,7,0,0,0,0,N,1,0.5723,0.5453,3.406,0,26.3,60080050,60080050-0,1,1,12.55,3.1,14.46,2.92,10.27,587096911,1,203.1582,62.75452,43610,843.5,47420,829.9,33920,562.3,Gaia DR3 1665265133985355520,203.1583465,62.75442161,0,0,49,1.63615E+018,1.66527E+018,1279793190,0.0096,0.0095,5.418,0.0109,494.9594,23.892,8.068,0.012,-22.488,0.012,0.0635,-0.2588,0.004,-0.0702,-0.1255,-0.1402,0.2152,0.0965,-0.1142,-0.0957,404,0,402,2,3.5005,521.15,0.051,2.6924,31,FALSE,1.438,,,,,,,,47,28,0.017343,51,0.0243,108.2,3,0,1.126,0,399,106741.5592,16.6757,6401.02,13.116533,0.002761,48,43411.8,33.6691,1289.37,13.744523,0.002914,46,90233.1,28.936,3118.37,12.359481,0.003795,1.252,0,1,0,0,0,1.385042,0.62799,0.757052,-61.54,1.05,2,23,3,20,20.212,,,949.337,,4500,4,0.25,111,,,,12.066787,0.019374,20,,NOT_AVAILABLE,0,0,0.999781,4467.5,4459,4474.1,4.5814,4.5748,4.5846,0.1451,0.1218,0.1622,185.021,184.3706,186.3741,0.0876,0.0795,0.0957,0.0666,0.0604,0.0728,0.0349,0.0317,0.0382,MARCS,203.1582682,62.75452156,0.191831,0.183894,-0.0856,0.368333
SSTSL2 J190359.86-372502.3,0,0,285.999426,-37.417306,359.631687,-18.407966,1,0,7,1,1,1,1,1,2,2,2,0,0,0,0,0,0,15950,14.3,12260,16.88,8096,25.76,4466,19.12,792.7,94.37,0,0,0,0,0,1.05,0.98,1.02,0,0,1004.1,652.3,288.7,255.4,8.4,2,0,0,0,N,1,0.9351,1.368,3.61,6.559,56.38,40021001,40021001-0,0,0,1.84,3.99,2.04,4.12,23.25,484755333,1,285.9994,-37.4173,40590,822.4,43810,928.1,34710,735.2,Gaia DR3 6719115114960324096,285.9994018,-37.41733129,0,0,97,1.63615E+018,6.71912E+018,124313204,0.0152,0.0138,8.5244,0.0173,493.5194,12.495,8.657,0.02,-9.01,0.016,-0.0237,0.0991,-0.2987,-0.0376,-0.3476,0.0555,-0.3887,-0.3238,0.2363,-0.1219,250,0,250,0,2.1988,275.9,0.013,0.081411,31,FALSE,1.319,,,,,,,,29,16,0.028466,29,0.05156,174.8,0,0,1.1,0,247,51486.76625,21.2019,2428.41,13.908128,0.002791,26,13115.5,18.4616,710.422,15.044076,0.003181,26,57532.1,43.1809,1332.35,12.848121,0.003866,1.372,0,0,0,0,0,2.195955,1.135948,1.060007,23.71,3.17,2,13,1,11,11.627,,,974.328,,3700,4.5,0,101,,,,12.407743,0.092374,12,,NOT_AVAILABLE,0,0,0.996487,3966.4,3950.7,3984.4,4.6701,4.6594,4.6715,0.2036,0.1618,0.2603,115.0889,112.5476,116.4709,0.8791,0.8471,0.9098,0.6075,0.5848,0.6294,0.3496,0.3369,0.3621,PHOENIX,285.9993533,-37.41729124,0.319966,0.254514,-0.1186,0.114427
SSTSL2 J115657.17-615049.2,0,0,179.238226,-61.84701,296.552111,0.347976,1,0,7,1,1,1,1,1,2,0,0,0,0,0,0,0,0,28760,69.1,20320,68.09,12950,139,7829,67.07,1252,109.9,0,0,0,0,0,1.02,0,0,0,0,417.2,278,101.9,119,11.4,0,0,0,0,N,1,10.09,11.45,35.75,25.11,72.33,30002561,30002561-29433,0,0,2.03,4.11,2.03,4.11,14.92,916974779,1,179.2383,-61.847,60200,1386,67730,1560,56030,1187,Gaia DR3 5334717344428210432,179.2378899,-61.8470259,0,0,36,1.63615E+018,5.33472E+018,1545473621,0.015,0.0159,9.9921,0.0203,493.3093,42.059,-41.297,0.02,-7.969,0.021,0.1703,-0.1673,-0.0762,0.0523,-0.0196,0.078,0.0175,0.1668,0.1121,0.2891,428,0,427,1,10.6914,777.1,0.135,8.9578,31,FALSE,1.259,,,,,,,,49,26,0.031864,58,0.001028,120.5,0,0,1.389,0,483,45860.16711,30.8367,1487.2,14.033778,0.00285,53,8006.65,34.9627,229.006,15.579915,0.005501,54,60238.1,89.4797,673.204,12.798218,0.004109,1.488,0,43,0,43,0,2.781697,1.546137,1.23556,12.82,2.79,2,16,7,12,17.024,,,911.075,,3400,1,-1,111,,,,12.220254,0.023198,9,,NOT_AVAILABLE,0,0,0.996487,3461.3,3443.7,3468.8,4.4569,4.4406,4.4632,0.1324,0.1068,0.1475,99.4645,99.2378,100.0708,0.9273,0.8916,0.9369,0.5915,0.5684,0.5978,0.3964,0.3814,0.4009,MARCS,179.2382789,-61.84699048,0.318398,0.329637,0.2818,0.573826
SSTSL2 J083953.65-531803.5,0,0,129.97358,-53.300972,270.51897,-7.076557,1,0,7,1,1,1,1,1,2,2,2,0,0,0,0,0,0,14370,11.48,9470,9.839,6205,19.04,3550,15.23,391.8,64.22,0,0,0,0,0,0.98,1.02,1.02,0,0,1147.6,879,301,243.6,6.1,3,2,0,0,N,1,0.9341,1.234,3.791,5.573,40.83,30002851,30002851-18566,0,0,2.97,5.13,3.06,5.13,19.93,157163713,1,129.9736,-53.30101,31890,675.5,36510,807,30030,525.6,Gaia DR3 5318116127546214400,129.9734829,-53.30091286,0,0,23,1.63615E+018,5.31812E+018,1745030243,0.0122,0.0127,6.6322,0.0135,491.5463,34.024,-24.727,0.017,23.371,0.015,0.043,-0.0329,-0.0162,0.1545,0.272,0.1786,-0.1593,0.0867,-0.17,0.0775,358,0,356,2,1.9327,380.13,0,0,31,FALSE,1.331,,,,,,,,41,27,0.023517,44,0.01755,112.3,0,0,1.073,0,380,43209.08329,39.3954,1096.81,14.09843,0.002928,39,11653.1,42.7397,272.654,15.172436,0.004862,38,46898.6,102.564,457.26,13.069996,0.004463,1.355,1,0,0,0,0,2.10244,1.074006,1.028434,14.26,4.73,2,17,2,15,9.6572,,,877.355,,3800,4.5,0,101,,,,12.576634,0.045349,16,,NOT_AVAILABLE,0,0,0.992964,3827.7,3825.9,3830.8,4.5431,4.5415,4.5447,0.0013,-0.0013,0.006,149.7513,149.4454,150.1117,0.6032,0.5994,0.6085,0.4182,0.4156,0.4219,0.2393,0.2378,0.2414,MARCS,129.9736668,-53.30101673,0.267982,0.250143,0.0608,0.298215
SSTSL2 J055312.46-690731.5,0,0,88.301943,-69.125417,279.367126,-30.382077,1,0,7,1,1,1,1,1,2,2,2,0,0,0,0,0,0,14770,13.89,10090,9.264,6608,17.4,3530,14.29,497.7,79.01,0,0,0,0,0,0.98,1.02,0.98,0,0,958.1,1000.8,350.3,276.8,6.3,2,2,0,0,N,1,0.8378,1.135,3.513,5.011,53.45,40019951,40019951-245,0,0,3.99,4.12,3.99,3.83,31.01,120619441,1,88.30198,-69.12528,33570,680.3,37640,866.6,29190,618.3,Gaia DR3 4657541052097599744,88.30194722,-69.1255561,0,0,48,1.63615E+018,4.65754E+018,499121155,0.0174,0.0173,9.0424,0.0184,491.4082,50.525,-3.748,0.021,-50.386,0.025,0.0703,-0.1592,0.0589,0.0136,0.1846,0.03,-0.1579,0.2615,-0.1898,0.0685,237,0,236,1,3.5183,294.31,0.078,2.3514,31,FALSE,1.336,,,,,,,,27,21,0.034345,32,0.02583,14.65,0,0,1.167,0,252,47544.76788,17.0004,2796.68,13.99461,0.002783,30,13289.3,25.7919,515.25,15.029789,0.003496,28,50917.3,26.4131,1927.73,12.980731,0.003821,1.35,0,23,0,1,0,2.049058,1.035179,1.013879,35.37,3.3,2,14,4,12,9.4137,,,876.896,,3800,4.5,0,101,,,,12.578176,0.038816,10,,NOT_AVAILABLE,0,0,0.992964,3644.9,3624,3656.8,4.5718,4.5354,4.5897,-0.5603,-0.6322,-0.5187,110.3047,109.9317,110.9306,0.4137,0.3862,0.4336,0.2869,0.2676,0.3009,0.1608,0.15,0.1687,PHOENIX,88.30199397,-69.12533216,0.333117,0.396143,0.0663,0.50078
SSTSL2 J003912.35-725548.2,0,0,9.801464,-72.930081,304.182856,-44.168448,1,0,7,1,1,1,1,1,2,2,2,0,0,0,0,0,0,19700,9.655,12380,9.586,8229,15.83,4565,13.76,548.2,75.09,0,0,0,0,0,1.02,1.02,0.95,0,0,1831.8,1150.4,466.9,361.8,7.3,2,0,0,0,P,1,0.8078,1.102,3.37,4.684,46.04,40045991,40045991-171,0,0,3.04,4.06,3.81,4.06,30.35,1302466881,1,9.800693,-72.93008,59980,1326,61210,1184,45250,875.2,Gaia DR3 4688921629366631040,9.801662558,-72.93008917,0,0,115,1.63615E+018,4.68892E+018,193211039,0.0113,0.0102,5.7922,0.0119,487.0139,59.296,59.25,0.015,2.336,0.014,-0.1199,0.085,-0.1677,0.0162,-0.175,0.0173,-0.0094,-0.026,0.0475,-0.1058,324,324,321,3,1.9986,524.57,0.076,6.2372,31,TRUE,1.456,,,,,,,,38,27,0.021237,49,0.008846,95.27,0,0,1.079,0,391,172646.603,89.3694,1931.83,12.594472,0.002812,49,74072.2,129.749,570.889,13.164404,0.003377,48,139901,194.48,719.36,11.883341,0.00407,1.239,0,1,0,1,0,1.281063,0.569932,0.711131,-12.02,0.77,1,19,5,17,24.196,-0.27116,0.61011,896.608,9.27,4500,3.5,0.5,111,8.3843,7.6633,10,11.5995,0.016234,14,,VARIABLE,0,0,0.999832,4780.7,4739,4787.4,4.6297,4.6065,4.631,0.49,0.4733,0.5029,170.6767,169.6977,171.3036,0.1907,0.1439,0.1987,0.1479,0.1114,0.1542,0.0769,0.0579,0.0803,MARCS,9.800765464,-72.93009955,0.239481,0.22607,-0.1065,0.211878
SSTSL2 J192801.88+155941.7,1,0,292.007869,15.994924,51.289483,-0.594484,1,0,7,1,1,1,1,1,2,2,2,0,0,0,0,0,0,116100,124.1,76700,130.6,49100,274,27960,107.5,3511,120.7,0,0,0,0,0,1.02,0.98,1.02,0,0,851.4,529.7,161.6,246.3,29.1,3,2,0,0,N,1,10.43,11.93,40.23,31.03,88.85,30002561,30002561-27500,0,0,2.04,3.99,2.04,3.86,17.16,332731666,1,292.0079,15.99493,484400,8031,379800,7697,275200,5069,Gaia DR3 4321602969489802240,292.0077777,15.99485898,0,0,41,1.63615E+018,4.3216E+018,1109728329,0.0094,0.0096,6.3732,0.0131,486.5929,28.026,-26.405,0.011,-9.393,0.011,0.1461,-0.1128,0.038,-0.0004,-0.168,0.0029,0.0459,-0.1603,-0.2087,0.1126,379,379,375,4,-3.7365,585.95,0.067,5.4252,31,FALSE,1.574,,,,,,,,43,21,0.016766,48,0.003476,58.78,0,0,0.865,0,366,2428184.336,439.304,5527.35,9.724163,0.002762,43,1349490,432.405,3120.89,10.013121,0.002812,44,1557080,343.297,4535.68,9.267116,0.003787,1.197,0,32,0,17,0,0.746005,0.288958,0.457047,22.77,0.24,1,9,0,6,88.787,0.12162,0.439632,871.465,1.73,6000,4,-0.25,444,,,,9.083852,0.006808,9,,NOT_AVAILABLE,0,0,0.998258,5871.5,5869.5,5877.1,4.1891,4.1877,4.1916,-0.3228,-0.3296,-0.3152,155.9258,155.3383,156.3025,0.0016,0.0004,0.0051,0.0014,0.0003,0.0043,0.0007,0.0001,0.0024,MARCS,292.0078998,15.99490073,0.180978,0.181548,0.113,0.393104
SSTSL2 J181026.54-242612.8,1,0,272.610594,-24.436897,6.66967,-2.548849,1,0,7,1,1,1,1,1,2,2,2,0,0,0,0,0,0,123800,175.4,81240,127.3,51810,274.8,28750,109.2,3132,192.2,0,0,0,0,0.42,0.98,0.95,0.98,0,0,636,570.6,166.1,233,16.3,3,3,0,0,N,1,11.31,12.44,39.48,31.43,123.5,30002561,30002561-24527,0,0,1.97,5.82,1.97,5.82,11.99,473529713,1,272.6106,-24.43678,501600,10630,422700,18300,291600,5640,Gaia DR3 4065830073566900736,272.6105863,-24.43709721,0,0,83,1.63615E+018,4.06583E+018,1526426221,0.0168,0.0141,8.8061,0.0181,485.2614,62.154,0.808,0.023,-62.149,0.016,0.0461,-0.0279,-0.0141,-0.0792,-0.2013,-0.1259,-0.3665,0.1161,0.0742,0.0969,251,251,250,1,-6.2211,418.25,0.078,3.8414,95,FALSE,,1.5652,0.0041,0.02,0.014,0.086,-0.004,-0.033,28,17,0.032514,28,0.03524,170.1,0,0,0.731,1,241,2458885.014,663.32,3706.94,9.710522,0.002771,23,1339940,965.9,1387.24,10.020832,0.002898,24,1600910,601.198,2662.86,9.23698,0.003801,1.196,0,0,0,0,0,0.783852,0.31031,0.473541,21.57,0.24,1,7,4,5,76.832,0.10402,0.356811,883.865,1.17,5500,3.5,0,333,,,,,,,,NOT_AVAILABLE,0,0,0.998613,5774.1,5767.8,5787.7,4.3587,4.3569,4.361,-0.1666,-0.1757,-0.1536,112.9948,112.7539,113.2227,0.006,0.0018,0.0147,0.0051,0.0015,0.0123,0.0027,0.0008,0.0066,MARCS,272.6105824,-24.436821,0.373864,0.261352,0.105,0.721213
SSTSL2 J172442.90+593453.3,0,0,261.178785,59.581474,88.338561,34.03429,1,0,7,1,1,1,1,1,2,2,2,0,0,0,0,0,0,12370,7.983,7775,7.218,5204,13.56,2860,11.77,340.4,29.86,0,0,0,0,0,0.98,1.02,0.98,0,0,1384.2,988.6,353.5,280.7,11.4,0,0,0,0,P,2,0.7119,1.01,3.945,4.09,17.23,60095751,60095751-29,1,1,8.15,5.11,7.91,5.05,47.63,1051826746,1,261.1789,59.58149,33760,746.3,38900,967.5,28050,516.8,Gaia DR3 1434113567527938816,261.1788614,59.58137379,0,0,76,1.63615E+018,1.43411E+018,1352825774,0.0104,0.0104,5.0395,0.0104,484.3802,21.421,0.408,0.014,-21.417,0.014,0.0039,-0.093,0.2117,0.0786,0.0417,0.0448,-0.1627,-0.1661,-0.0964,0.0785,309,0,309,0,-0.8519,276.45,0,0,31,TRUE,1.42,,,,,,,,36,25,0.020446,45,0.00896,158.4,0,0,0.965,0,350,79518.7678,11.6991,6797,13.436193,0.00276,43,30616.6,25.6504,1193.61,14.123652,0.002935,39,69895.8,22.2686,3138.76,12.636768,0.003795,1.264,0,2,0,0,0,1.486883,0.687459,0.799424,-19.05,1.21,2,20,4,17,15.734,,,844.099,,4500,4.5,0.75,101,,,,12.331246,0.04571,16,,NOT_AVAILABLE,0,0,0.999906,4564.9,4560,4568.9,4.6514,4.6479,4.6585,0.7401,0.7185,0.7478,195.9193,194.3775,196.4849,0.3517,0.3463,0.3575,0.2648,0.2606,0.2692,0.1383,0.1361,0.1406,MARCS,261.1788578,59.58146897,0.226997,0.221585,0.0728,0.386697
SSTSL2 J004516.97-734441.9,0,0,11.320746,-73.744994,303.524422,-43.376176,1,0,7,1,1,1,1,1,2,2,2,0,0,0,0,0,0,13540,11.95,8678,8.118,6253,15.52,3079,9.688,412.3,80.84,0,0,0,0,0,1.02,1.02,1.02,0,0,1018.1,959.7,359.1,333.7,5.1,2,2,0,0,N,1,0.7786,0.9859,3.254,4.287,49.13,40045991,40045991-126,0,0,6.17,9.29,6.23,9.02,24.05,52252327,1,11.32093,-73.74496,44630,945.4,43770,1048,30650,649.2,Gaia DR3 4685780045447098496,11.32046303,-73.74502207,0,0,99,1.63615E+018,4.68578E+018,736009078,0.0105,0.0093,5.1328,0.0107,481.8771,34.804,-23.704,0.012,-25.484,0.012,-0.0412,0.0512,-0.3101,-0.0452,0.0128,-0.0472,-0.0903,-0.0589,-0.0897,-0.0861,344,292,344,0,-1.5126,458.18,0.046,2.0838,31,TRUE,1.49,,,,,,,,39,26,0.017943,45,0.0327,144.9,0,0,0.942,0,395,146078.3833,28.8135,5069.79,12.775902,0.002764,43,68315.7,42.1233,1621.8,13.25224,0.002869,44,110628,42.5409,2600.51,12.138233,0.003802,1.225,0,0,0,0,0,1.114007,0.476338,0.637669,28.31,0.97,1,19,10,15,20.478,0.22025,0.290535,818.087,14.18,4750,4,0,111,,,,11.885285,0.041157,9,20.87617,NOT_AVAILABLE,0,0,0.999146,4977.8,4971.2,4984.4,4.6457,4.6419,4.6497,-0.2012,-0.208,-0.1956,193.8914,193.5248,194.2903,0.1175,0.111,0.1235,0.0938,0.0886,0.0986,0.0498,0.047,0.0523,MARCS,11.32083939,-73.74490881,0.203104,0.191613,-0.0797,0.30253
SSTSL2 J221248.65+593050.7,0,0,333.202736,59.514094,104.020727,2.598292,1,0,7,1,1,1,1,1,2,2,2,0,0,0,0,0,0,17650,11.64,11300,9.863,7892,19.28,4170,16.18,1000,129.9,0,0,0,0,0,1.05,0.95,0.98,0,0,1376.1,1050.5,373.2,302.9,7.7,2,0,0,0,N,1,1.02,1.217,3.877,5.893,77.78,30002711,30002711-32653,0,0,4.59,3.81,3.97,4.24,10.75,733694313,1,333.2025,59.51418,58830,1463,54350,1652,39300,796.3,Gaia DR3 2199906098978332288,333.2027614,59.5140226,0,0,99,1.63615E+018,2.19991E+018,682503635,0.0094,0.009,5.0524,0.0105,479.5292,35.692,22.791,0.013,-27.467,0.01,-0.0163,0.1849,-0.2031,-0.1855,0.249,-0.284,-0.2474,-0.3486,-0.0049,-0.0671,353,353,353,0,-2.4799,426.3,0.033,1.2982,31,TRUE,1.496,,,,,,,,41,27,0.019215,49,0.01864,48.77,0,0,0.907,0,397,188649.3027,31.4928,5990.24,12.498229,0.002761,48,89413.9,54.8708,1629.54,12.96003,0.002869,47,141492,39.6895,3564.98,11.871063,0.003792,1.224,0,0,0,0,0,1.088966,0.461801,0.627166,-13.02,0.85,1,20,7,19,24.922,0.20911,0.258532,912.509,10.59,4750,3,-0.75,111,15.584,17.3833,8,11.597545,0.018197,13,,NOT_AVAILABLE,0,0,0.999832,5029.2,5020.2,5039.4,4.5177,4.5146,4.5205,-0.527,-0.5392,-0.513,198.317,197.5462,199.7699,0.1564,0.1489,0.1646,0.1256,0.1195,0.1323,0.0673,0.064,0.0709,MARCS,333.2025617,59.51414467,0.217924,0.169137,-0.0427,0.261198
SSTSL2 J171503.32+603008.7,0,0,258.763836,60.502443,89.58153,35.154628,1,0,7,1,1,1,1,1,2,2,2,0,0,0,0,0,0,17740,9.99,11630,9.134,7656,17.61,4006,12.04,372.5,47.76,0,0,0,0,0,1.02,0.98,0.98,0,0,1617.2,1161,405.8,348.9,7.8,0,0,0,0,P,1,0.7161,0.9758,3.71,0,15.11,60095751,60095751-45,1,1,3.96,4.96,3.74,5.66,42.48,686353404,1,258.7639,60.50241,59270,1255,57860,1279,41500,764.4,Gaia DR3 1437634581717469312,258.7638607,60.50246503,0,0,161,1.63615E+018,1.43763E+018,442290174,0.0109,0.0144,5.2701,0.011,478.7935,16.21,-10.292,0.014,12.524,0.019,-0.2198,-0.0489,-0.0921,0.232,0.1058,0.2001,-0.6218,-0.1169,-0.056,-0.1867,275,275,272,3,2.9558,515.19,0.074,6.2116,31,TRUE,1.495,,,,,,,,32,24,0.028354,39,0.01469,156.6,0,0,1.129,0,307,208521.3764,123.223,1692.23,12.38949,0.002829,39,98891.6,196.494,503.28,12.850643,0.003527,38,155991,226.165,689.722,11.765147,0.004094,1.222,0,0,0,0,0,1.085496,0.461153,0.624343,-9.33,2.07,1,15,2,14,24.117,1.0226,0.091055,815.359,28.85,5000,4,0,111,17.3161,10.5622,8,11.52489,0.014833,13,,VARIABLE,0,0,0.999591,5135.9,5131.5,5140.9,4.6239,4.6227,4.6252,0.0445,0.0389,0.05,188.8539,188.4326,189.2722,0.1639,0.16,0.1681,0.1316,0.1284,0.135,0.0696,0.0678,0.0714,MARCS,258.7639536,60.50240937,0.222809,0.309495,-0.2009,0.090581
SSTSL2 J113738.68-751244.1,0,0,174.411178,-75.212267,298.176449,-13.026113,1,0,7,1,1,1,1,1,2,2,0,0,0,0,0,0,0,8020,7.064,5586,7.009,3747,12.27,2010,13.46,280.9,46.05,0,0,0,0,0,1.02,0.98,0,0,0,1025.3,751.8,279.1,190.7,6.1,0,0,0,0,N,1,0.8413,1.15,3.674,4.8,30.02,40033760,40033760-0,0,0,5.4,3.92,7.76,4.04,41.74,779852291,1,174.4112,-75.21234,16600,412.7,19730,436.2,15720,347.4,Gaia DR3 5225083906094232832,174.4108604,-75.21239097,0,0,106,1.63615E+018,5.22508E+018,301831415,0.021,0.0189,10.3074,0.0216,476.7352,18.771,-15.308,0.027,-10.864,0.027,-0.0664,-0.0551,-0.2827,0.0563,-0.0095,0.0688,-0.1997,0.0349,0.1436,0.0521,326,0,323,3,1.2236,351.31,0.071,1.1582,31,TRUE,1.296,,,,,,,,37,24,0.03877,41,0.006465,81.63,0,0,1.048,0,339,17744.24363,8.06857,2199.18,15.064723,0.002799,36,3952.16,13.1924,299.579,16.346457,0.004574,34,20973.1,27.4168,764.973,13.943737,0.004037,1.405,0,0,0,0,0,2.402719,1.281734,1.120986,1.37,6.67,2,14,3,12,6.8151,,,827.612,,3600,4.5,0,101,,,,13.287004,0.087295,14,,NOT_AVAILABLE,0,0,0.996487,3536.6,3535.4,3537.8,4.89,4.8885,4.8927,-0.3154,-0.3181,-0.3126,97.5087,97.2842,97.7406,0.6085,0.6032,0.6139,0.4056,0.4021,0.4093,0.2474,0.2453,0.2496,MARCS,174.411127,-75.21234268,0.442281,0.434727,0.0451,0.533209
SSTSL2 J222609.48+600412.3,0,1,336.539526,60.070084,105.730838,2.142818,1,0,7,1,1,1,1,1,2,2,2,0,0,0,0,0,0,17620,9.761,11260,8.593,7292,14.94,4132,12.85,654.6,86.13,0,0,0,0,0,1.02,1.02,1.02,0,0,1599.4,1180.3,418.6,360,7.6,2,0,0,0,N,1,0.9871,1.081,3.845,4.91,63.98,30002711,30002711-31935,0,0,11.63,6.1,11.92,6.88,22.09,735874699,1,336.5393,60.07009,53600,1432,55060,1572,38980,861.6,Gaia DR3 2201287704054318464,336.5396711,60.06998283,0,0,135,1.63615E+018,2.20129E+018,200086610,0.0089,0.0089,4.9566,0.0104,475.5494,49.804,45.746,0.011,-19.691,0.01,-0.1477,-0.0494,0.0164,-0.1915,0.2076,-0.2472,0.074,-0.2665,0.1243,-0.1524,392,386,391,1,-1.6215,502.41,0.035,1.3412,31,TRUE,1.475,,,,,,,,46,27,0.016644,52,0.01652,42.63,2,0,0.941,0,412,160355.2807,26.7062,6004.42,12.674659,0.002761,49,72318,42.6177,1696.9,13.190426,0.002863,51,126591,155.907,811.969,11.991885,0.004009,1.24,0,35,0,34,0,1.198541,0.515767,0.682774,7.82,0.94,1,21,14,18,23.564,1.0214,0.059489,990.315,12.1,4750,4,0.25,111,,,,11.734505,0.028373,5,,NOT_AVAILABLE,0,0,0.99968,4856.1,4845.9,4864.6,4.5551,4.5524,4.5575,0.1538,0.1417,0.1653,200.9036,200.4345,201.3873,0.1227,0.1121,0.131,0.0965,0.0881,0.103,0.0506,0.0462,0.0541,MARCS,336.5392636,60.07007035,0.183079,0.157919,-0.13,0.44786
SSTSL2 J195821.63+351300.6,1,0,299.590163,35.216846,71.347951,3.074883,1,0,7,1,1,1,1,1,2,2,2,2,1,0,0,0,0,94820,92.06,61740,81.37,39700,140.9,21890,61.99,2800,72.93,0,0,0,0,0.96,0.98,0.98,1.02,0.92,0,931,682.4,246,332.9,38.4,3,3,2,2,P,1,6.841,8.689,29.56,19.91,40.45,40043490,40043490-0,0,0,7.47,6.93,8.18,6.48,8.85,253386109,1,299.5901,35.21688,404000,7070,312500,7483,220400,4669,Gaia DR3 2059383771316037504,299.5901918,35.21681803,0,0,160,1.63615E+018,2.05938E+018,1563477246,0.008,0.0098,5.1814,0.0109,475.1472,12.986,6.515,0.011,-11.234,0.013,-0.1697,-0.0615,0.0411,-0.1683,0.0328,-0.1632,-0.0884,-0.0502,-0.0287,-0.2189,444,444,438,6,-3.6775,735.02,0.068,6.4653,31,FALSE,1.575,,,,,,,,50,27,0.019404,53,0.01092,170.3,0,0,0.877,0,448,2038321.71,572.07,3563.06,9.914185,0.002772,49,1134790,780.533,1453.87,10.201254,0.002888,49,1298340,642.885,2019.56,9.464421,0.003817,1.194,0,0,0,0,0,0.736833,0.287069,0.449763,,,,,,,,,,,,,,,,,,,,,,,NOT_AVAILABLE,0,0,0.992964,6080.9,6070.7,6091.8,4.0489,4.0434,4.0634,-0.259,-0.2674,-0.2505,191.1202,187.3928,192.0546,0.0325,0.0273,0.0382,0.0276,0.0232,0.0325,0.0148,0.0124,0.0174,PHOENIX,299.5901563,35.21686796,0.175459,0.217022,-0.2033,0.131541
SSTSL2 J162747.30+425958.0,0,0,246.947105,42.999468,67.710458,43.849125,1,0,7,1,1,1,1,1,2,2,2,0,0,0,0,0,0,12210,10.02,8468,9.123,5608,18.59,3067,11.47,329.4,46.4,0,0,0,0,0,1.02,1.02,1.02,0,0,1084,840.8,286.7,287.4,7.1,2,2,0,0,P,2,0.7518,1.212,4.165,5.381,26.82,60091101,60091101-7,1,1,4.41,6.12,3.05,6.12,36.98,662738456,1,246.9471,42.99943,34040,627.1,39740,768.6,29380,487,Gaia DR3 1381455722290898176,246.9471447,42.99950847,0,0,142,1.63615E+018,1.38146E+018,130197592,0.0114,0.0118,6.2733,0.0132,473.936,15.021,7.561,0.013,12.98,0.014,-0.1193,-0.2004,0.0357,-0.0186,0.1348,-0.0579,-0.1608,-0.1191,-0.0321,0.0165,283,0,282,1,0.3258,269.87,0,0,31,FALSE,1.39,,,,,,,,32,23,0.020118,35,0.02125,10.25,0,0,1.013,0,297,66474.55277,17.6148,3773.79,13.630729,0.00277,29,23077.8,43.313,532.816,14.430553,0.003455,28,62607.1,53.7038,1165.79,12.756336,0.003892,1.289,0,1,0,0,0,1.674217,0.799825,0.874393,-6.26,2.35,2,13,2,12,11.107,,,950.527,,4250,4,0.5,111,,,,12.31275,0.057465,11,,NOT_AVAILABLE,0,0,0.999324,4313.9,4302.7,4317.8,4.6664,4.6657,4.6668,0.2475,0.2065,0.251,160.7678,159.5691,160.9449,0.5301,0.517,0.5383,0.3899,0.3802,0.396,0.2074,0.2023,0.2106,MARCS,246.9470988,42.99945079,0.215579,0.233138,0.0199,0.179395
SSTSL2 J004429.77-714000.1,0,0,11.124082,-71.666711,303.709934,-45.451053,1,0,6,1,1,4,1,1,2,2,2,0,0,0,0,0,0,18660,11.92,12230,10.32,,,4550,14.43,605.6,79.69,0,0,0,0,0,0.98,0.95,0.95,0,0,1410.8,1057,364.8,310.1,7.6,2,2,0,0,N,1,0.7862,1.07,3.497,4.731,62.6,40045991,40045991-237,0,0,3.96,4.79,3.83,4.95,31.1,127325202,1,11.12327,-71.66672,40700,1200,48220,1377,38160,913.8,Gaia DR3 4689325321909563136,11.12491283,-71.66666779,0,0,118,1.63615E+018,4.68933E+018,1724290212,0.0148,0.0129,7.1413,0.0151,473.8658,104.845,104.401,0.022,9.637,0.018,-0.1999,0.1168,-0.0422,-0.1691,-0.0534,-0.1746,0.1528,-0.0851,-0.0957,-0.2599,373,0,370,3,9.4597,637.06,0.105,7.4718,31,FALSE,1.332,,,,,,,,42,25,0.031548,50,0.004915,47.51,0,0,1.369,0,408,55891.08019,11.9013,4696.21,13.819011,0.002765,46,15191.6,15.88,956.649,14.884532,0.003012,46,60641.3,30.9905,1956.77,12.790975,0.00382,1.357,0,1,0,0,0,2.093557,1.065521,1.028036,39.37,1.67,2,20,3,18,15.479,,,834.087,,3700,4.5,-0.5,101,,,,12.306495,0.032532,17,,NOT_AVAILABLE,0,0,0.000001,3625.2,3597.1,3684.9,4.3393,4.2802,4.4112,-0.48,-0.563,-0.3919,138.7325,136.8378,139.5824,0.4073,0.3771,0.4536,0.281,0.26,0.3129,0.1597,0.1474,0.1788,PHOENIX,11.12343766,-71.66671062,0.345299,0.2871,-0.246,0.953571
SSTSL2 J162731.32+421850.5,0,0,246.880503,42.314036,66.76155,43.915838,1,0,7,1,1,1,1,1,2,2,2,0,0,0,0,0,0,11970,9.986,7476,8.693,4847,18.02,2752,12.06,391.7,47.76,0,0,0,0,0,1.02,0.95,0.92,0,0,1095.4,787.2,261.2,252.3,8.2,0,0,0,0,N,1,0.7779,1.102,4.338,4.686,26.89,60091101,60091101-4,1,1,3.07,4.79,2.78,5.12,39.28,662739684,1,246.8807,42.3141,35680,722.9,37670,798,27670,509.7,Gaia DR3 1381187681972111104,246.8804174,42.31396072,0,0,21,1.63615E+018,1.38119E+018,17157561,0.0081,0.0096,4.65,0.0099,470.1339,42.462,-34.874,0.01,-24.224,0.012,0.1503,-0.0371,-0.0837,-0.0244,0.1012,-0.0618,-0.2834,-0.2325,-0.1947,0.2268,393,0,390,3,1.7823,449.51,0.029,0.87369,31,FALSE,1.457,,,,,,,,45,27,0.017764,50,0.02007,37.87,0,0,1.064,0,405,101430.7711,12.6266,8033.1,13.171943,0.002759,46,43516.2,27.771,1566.97,13.741915,0.002875,46,82189.4,30.021,2737.73,12.460855,0.0038,1.239,0,0,0,0,0,1.281059,0.569972,0.711087,-50.08,1.21,2,28,1,23,22.362,,,950.778,,4500,4,0,111,,,,12.184333,0.022432,27,20.94059,NOT_AVAILABLE,0,0,0.999697,4558.6,4554.6,4564.4,4.5539,4.5493,4.5712,-0.0956,-0.1107,-0.0848,209.5718,202.6408,212.2683,0.0098,0.0044,0.0168,0.0075,0.0033,0.0129,0.004,0.0017,0.0068,MARCS,246.880627,42.31406838,0.162027,0.195751,0.2268,0.354157
SSTSL2 J045118.90+255632.8,0,0,72.828781,25.942445,175.563172,-11.598174,1,0,6,1,1,1,1,1,2,2,2,0,0,0,0,0,0,13200,12.3,8953,11.16,6054,20.26,3483,19.22,534.6,73.23,0,0,0,0,0,0.98,0.95,1.02,0,0,972.5,725.3,265.4,198.8,7.3,2,0,0,0,N,1,0.9668,1.24,3.957,6.525,42.06,40043450,40043450-0,0,0,3.94,3.81,4.06,4.07,14.12,,0,,,,,,,,,Gaia DR3 153453550785049984,72.82892623,25.94227795,0,0,89,1.63615E+018,1.53454E+017,405357186,0.0398,0.0216,20.9515,0.0446,469.4985,103.336,85.745,0.053,-57.673,0.037,0.0284,0.1219,-0.0418,0.1361,-0.0596,0.0892,-0.2084,0.0833,0.2819,-0.0109,408,0,407,1,1.2929,672.26,0.216,7.1876,31,FALSE,1.198,,,,,,,,46,19,0.072782,48,0.01336,12.47,0,0,1.045,0,403,10942.25012,7.23096,1513.25,15.589601,0.002847,43,1018.8,7.82061,130.271,17.818325,0.008789,43,16301,22.0969,737.704,14.21736,0.004056,1.583,0,8,0,1,0,3.600965,2.228724,1.37224,,,,,,,,,,,,,,,,,,,,,,,NOT_AVAILABLE,0,0,0.999997,,,,,,,,,,,,,,,,,,,,,,,72.82850244,25.94253427,0.843969,0.604131,-0.0203,0.76335
SSTSL2 J172558.49-363517.2,1,0,261.493712,-36.588112,351.332682,-0.655855,1,0,7,1,1,1,1,1,2,2,2,0,1,0,0,0,0,26370,69.89,17310,63.97,12370,135.4,10590,136.5,8215,192.4,0,0,0,0,0.96,0.95,1.02,1.02,0,0,335.2,252,87.6,71.4,42.7,3,2,0,0,N,-1,12.08,13.09,50.22,46.29,125.6,30002561,30002561-28100,0,0,2.86,3.06,5.12,2.86,13.23,989495481,1,261.4937,-36.58819,62810,1562,68050,1692,51760,1383,Gaia DR3 5974479588125455104,261.493895,-36.58807547,0,0,89,1.63615E+018,5.97448E+018,429652782,0.0116,0.0087,6.1091,0.013,468.1491,43.052,24.331,0.016,35.516,0.011,0.0144,-0.0758,-0.004,-0.1106,-0.234,-0.1367,-0.3425,-0.0264,0.0984,0.1021,269,269,269,0,-2.7573,300.75,0.017,0.30438,31,FALSE,1.477,,,,,,,,31,17,0.022187,31,0.03268,10.14,24,0,0.881,0,265,165301.0526,35.0658,4714.02,12.641678,0.002765,31,75114.8,42.6842,1759.78,13.149229,0.002858,29,130870,279.158,468.803,11.955796,0.004433,1.246,0,14,0,15,0,1.193433,0.507551,0.685882,-20.41,2.61,1,8,2,5,13.519,0.39824,0.256163,497.438,18.54,4750,3.5,-0.5,111,,,,11.623515,0.04301,5,,NOT_AVAILABLE,0,0,0.99885,4904.2,4899.1,4909.2,4.6213,4.6188,4.6256,-0.4104,-0.4168,-0.4042,162.3908,161.8301,162.7775,0.2265,0.2207,0.2316,0.1795,0.1749,0.1836,0.0958,0.0933,0.098,MARCS,261.4937603,-36.58823332,0.255416,0.176542,0.1119,0.545095
SSTSL2 J050122.73-651558.3,0,0,75.344709,-65.26622,275.672581,-35.88644,1,0,7,1,1,1,1,1,2,2,2,0,0,0,0,0,0,20200,12.36,13260,13.05,8272,24.53,4707,14.78,666.6,95.23,0,0,0,0,0,0.98,1.02,1.02,0,0,1467.7,911.2,287.4,320.1,7,0,0,0,0,N,1,0.8036,1.136,3.488,4.984,53.52,40019951,40019951-446,0,0,3.97,5.12,4.1,4.52,17.48,136565492,1,75.34475,-65.26629,77130,1634,69180,1593,47030,909.7,Gaia DR3 4663782739088374400,75.34474065,-65.26618691,0,0,40,1.63615E+018,4.66378E+018,1657008485,0.01,0.0101,4.9523,0.0106,467.8549,23.774,1.314,0.013,23.738,0.013,0.0624,-0.0446,-0.1924,-0.063,0.2219,-0.0031,-0.2926,0.3015,-0.2211,0.0338,361,361,361,0,-1.4371,649.24,0.077,7.55,31,TRUE,1.529,,,,,,,,41,26,0.019164,99,0.01028,33.39,0,0,0.946,0,831,313332.2527,56.4068,5554.86,11.947354,0.002762,94,159922,86.7267,1843.97,12.328773,0.002852,93,218547,77.9805,2802.59,11.399033,0.003799,1.208,0,1,0,1,0,0.929741,0.381419,0.548322,10.48,0.62,1,55,6,21,54.521,2.9665,0.084405,991.671,16.03,5250,3,0,111,14.8783,21.1757,17,11.218174,0.014695,48,,NOT_AVAILABLE,0,0,0.999697,5419.6,5404.9,5432.5,4.5274,4.5182,4.5354,-0.0735,-0.0872,-0.0586,201.1464,200.5326,203.0829,0.0679,0.0576,0.0773,0.0558,0.0473,0.0636,0.0297,0.0252,0.0339,MARCS,75.3447267,-65.26629241,0.215395,0.218833,0.0362,0.128322
SSTSL2 J002258.47-730435.7,0,0,5.743637,-73.07661,305.800087,-43.892779,1,0,7,1,1,1,1,1,2,2,2,0,0,0,0,0,0,20520,11.93,13220,10.61,8685,19.07,4769,14.58,537.7,91.14,0,0,0,0,0,0.98,1.02,1.02,0,0,1548.1,1114.4,401,321.3,5.9,2,2,0,0,N,1,0.7717,1.077,3.42,4.741,50.09,40045991,40045991-151,0,0,3.97,5.14,3.7,4.99,20.51,1302288846,1,5.743127,-73.07661,72440,1601,65520,1509,47160,999.1,Gaia DR3 4688752854302000384,5.743731037,-73.07662043,0,0,137,1.63615E+018,4.68875E+018,280844338,0.009,0.0091,4.6962,0.0101,463.3181,33.247,33.216,0.011,1.438,0.013,-0.1286,0.2668,-0.1942,-0.0939,0.0166,-0.0953,0.1924,-0.2229,0.0644,-0.1193,357,357,357,0,-0.8287,602.44,0.06,5.4693,31,TRUE,1.521,,,,,,,,41,25,0.018264,48,0.02482,80.91,10,0,0.968,0,416,279361.8808,47.096,5931.75,12.071949,0.002761,42,140497,85.3871,1645.42,12.469373,0.002867,41,199850,136.578,1463.27,11.496133,0.003852,1.218,0,42,0,41,0,0.97324,0.397424,0.575816,28.9,0.6,1,21,7,18,33.772,0.28814,0.271718,970.469,7.67,5000,5,0.25,444,9.7363,15.6468,11,11.281978,0.010962,12,35.95105,NOT_AVAILABLE,0,0,0.999591,5422.9,5415.3,5434.4,4.5691,4.5632,4.5767,0.1038,0.0938,0.1155,210.3498,208.3286,211.0701,0.1335,0.1267,0.1412,0.1093,0.1037,0.1157,0.0579,0.0549,0.0613,MARCS,5.743223884,-73.07662682,0.179684,0.204438,-0.1103,0.105459
SSTSL2 J125703.13-791337.6,0,0,194.263073,-79.227119,303.205315,-16.358351,1,0,7,1,1,1,1,1,2,2,2,0,0,0,0,0,0,19840,9.266,12460,8.426,8096,13.99,4605,10.96,607.9,103,0,0,0,0,0,0.95,0.98,1.02,0,0,1911.4,1338.3,498.3,456.7,5.9,2,0,0,0,N,1,0.6571,0.8364,2.658,3.732,76.8,40009401,40009401-37,0,0,7.03,5.92,9.26,6.11,15.54,842047693,1,194.2638,-79.2271,58450,1238,62570,1210,46430,983.6,Gaia DR3 5787719845864751104,194.263468,-79.22719687,0,0,38,1.63615E+018,5.78772E+018,1676351393,0.0115,0.0122,6.4645,0.014,462.7295,16.925,-13.062,0.014,-10.762,0.016,0.233,-0.1975,-0.2899,-0.0821,-0.1174,-0.0922,0.0447,0.3564,0.1831,0.2391,277,259,276,1,1.2001,425.84,0.074,5.3805,31,TRUE,1.436,,,,,,,,32,23,0.023998,42,0.02319,99.9,0,0,1.051,0,353,146480.0231,49.9967,2929.8,12.772921,0.00278,38,59339.3,89.2732,664.693,13.405187,0.003233,38,123898,106.816,1159.92,12.015235,0.003894,1.251,0,0,0,0,0,1.389952,0.632266,0.757686,5.49,0.96,1,20,2,18,23.076,-0.11562,0.503776,864.744,12.65,4500,4,0.25,111,12.1008,12.4412,8,11.739141,0.028159,18,,VARIABLE,0,0,0.999813,4544.2,4540.1,4550.3,4.61,4.6067,4.6139,0.2775,0.2674,0.287,154.2264,153.9191,154.5521,0.1904,0.1851,0.1972,0.145,0.1409,0.1502,0.0759,0.0737,0.0786,MARCS,194.2637786,-79.22714904,0.232426,0.256467,0.2446,0.386314
SSTSL2 J142639.02-795317.7,0,0,216.662613,-79.888269,307.200232,-17.81465,1,0,7,1,1,1,1,1,2,2,2,0,0,0,0,0,0,16900,9.662,10910,11.19,7428,15.67,4098,12.32,482.6,49.76,0,0,0,0,0,1.02,1.05,0.95,0,0,1574.5,870.8,417.1,369.4,9.7,0,0,0,0,N,1,0.7117,0.9911,3.009,4.437,33.65,40045630,40045630-0,0,0,5.88,6.28,5.72,6.26,47.44,890867826,1,216.662,-79.88821,58020,1229,55560,1126,37710,798.7,Gaia DR3 5785057339800256384,216.6619239,-79.88830094,0,0,37,1.63615E+018,5.78506E+018,436380635,0.0082,0.0085,4.4533,0.0097,461.4009,19.807,-10.634,0.011,-16.711,0.011,0.1057,-0.0973,-0.319,-0.1063,-0.0799,-0.0884,-0.2306,0.0774,0.2694,0.126,384,384,383,1,-0.4995,544.03,0.047,3.2845,31,TRUE,1.494,,,,,,,,44,27,0.01658,52,0.01189,72.46,0,0,0.981,0,429,192351.6912,29.1802,6591.86,12.477127,0.00276,45,90946.6,67.3261,1350.84,12.941575,0.002904,41,144270,50.3862,2863.28,11.849958,0.003798,1.223,0,0,0,0,0,1.091617,0.464448,0.627169,7.51,1.7,1,15,4,13,21.417,2.1689,0.004865,978.449,19.33,5000,3.5,0,111,,,,11.606089,0.027772,11,,NOT_AVAILABLE,0,0,0.999899,5159.4,5151.1,5167.1,4.5019,4.4997,4.5039,-0.0408,-0.0496,-0.0327,224.0688,223.5718,224.5576,0.2325,0.2255,0.2389,0.1869,0.1812,0.1921,0.0991,0.0961,0.1019,MARCS,216.662193,-79.88822667,0.17257,0.182415,0.1318,0.450494
SSTSL2 J060014.31-685101.1,0,0,90.059634,-68.850311,279.021725,-29.762797,1,0,7,1,1,1,1,1,2,2,0,0,0,0,0,0,0,11410,11.18,7249,8.38,4789,14.57,2705,11.77,469.5,83.85,0,0,0,0,0,0.95,1.05,0,0,0,913.8,782.1,290,252,5.6,0,0,0,0,N,1,0.8226,1.142,3.385,4.992,53.01,40019951,40019951-243,0,0,6.73,6.35,7.17,6.35,23.97,128399994,1,90.05968,-68.8504,34670,734.5,36980,817.5,26300,508.7,Gaia DR3 5282810362504708480,90.05963886,-68.85009044,0,0,66,1.63615E+018,5.28281E+018,365610198,0.0109,0.01,4.7132,0.0103,459.6802,67.928,-7.781,0.015,67.481,0.013,0.1009,0.034,-0.0999,-0.0361,0.0228,-0.0348,-0.3557,0.1976,-0.1538,0.1028,303,0,302,1,-0.0639,308.43,0,0,31,FALSE,1.465,,,,,,,,35,25,0.020594,44,0.01277,10.33,0,0,0.996,0,356,103532.3654,28.9909,3571.2,13.149676,0.002772,42,45434.6,52.0797,872.405,13.695075,0.003055,42,82467.6,61.1602,1348.39,12.457187,0.003864,1.235,0,0,0,0,0,1.237888,0.545399,0.69249,20.68,1.45,2,20,0,16,17.165,,,982.158,,4500,4,0,111,,,,12.179414,0.022155,20,,VARIABLE,0,0,0.999591,4699.6,4692.5,4707.5,4.5912,4.5888,4.594,-0.0262,-0.034,-0.0177,210.7984,210.3435,211.1965,0.0811,0.0735,0.0898,0.0632,0.0572,0.07,0.0332,0.0301,0.0369,MARCS,90.05973471,-68.85039035,0.23515,0.20513,0.1039,0.794049
SSTSL2 J015736.35-752126.5,0,0,29.401474,-75.357375,297.454573,-41.059457,1,0,7,1,1,1,1,1,2,2,2,0,0,0,0,0,0,15690,11.6,10150,13.62,6523,17.79,3607,13.7,399.1,78.26,0,0,0,0,0,1.02,1.02,1.02,0,0,1223.4,664.5,322.8,284.3,5.1,0,0,0,0,N,1,0.802,1.073,3.595,4.724,52.73,40045991,40045991-51,0,0,2.05,4.07,5.1,4.07,29.95,133785005,1,29.40094,-75.35745,59810,1267,50680,980.2,36750,676.9,Gaia DR3 4637358554080402176,29.4018898,-75.35723189,0,0,102,1.63615E+018,4.63736E+018,757105094,0.0101,0.0086,4.3408,0.0095,455.8714,62.267,43.393,0.013,44.657,0.012,-0.0733,0.1454,-0.1475,-0.1987,-0.0664,-0.1883,-0.0079,-0.0823,-0.0687,-0.1077,359,359,356,3,1.6481,645.53,0.07,7.0664,31,TRUE,1.533,,,,,,,,41,28,0.018962,45,0.02754,39.18,0,0,1.062,0,384,238503.3455,45.9308,5192.67,12.24363,0.002763,40,122714,71.9884,1704.63,12.616307,0.002862,40,165581,58.472,2831.8,11.700372,0.003799,1.209,0,0,0,0,0,0.915936,0.372677,0.543259,17.53,1.06,1,18,1,15,27.798,1.417,0.059406,973.825,14.76,5500,4.5,-0.25,222,,,,11.497607,0.017843,17,28.80725,NOT_AVAILABLE,0,0,0.999832,5357.6,5349.1,5369.4,4.4979,4.4953,4.5003,-0.4433,-0.4534,-0.4305,229.7351,229.1118,230.6462,0.0208,0.0145,0.0295,0.0171,0.0119,0.0243,0.0092,0.0063,0.013,MARCS,29.40112689,-75.35743036,0.216665,0.18718,-0.089,0.639231
SSTSL2 J053439.37-655142.3,0,0,83.664078,-65.861753,275.712931,-32.39663,1,0,7,1,1,1,1,1,2,2,2,0,0,0,0,0,0,13030,10.22,8078,8.95,5309,16.42,3059,13.81,313.8,37.35,0,0,0,0,0,1.02,0.95,0.95,0,0,1147.8,833.9,293.3,254.7,8.4,2,0,0,0,N,1,0.8146,1.152,3.515,5.017,49.6,40019951,40019951-415,0,0,4.87,3.83,3.83,3.83,69.68,183998162,1,83.66424,-65.86177,38160,913.8,40290,890.6,30010,635.6,Gaia DR3 4660692286793539456,83.66407754,-65.86177425,0,0,32,1.63615E+018,4.66069E+018,1161910731,0.0103,0.0105,5.25,0.0116,453.7908,10.289,-5.831,0.013,-8.478,0.013,0.036,0.1215,-0.0487,-0.0656,0.3327,0.0903,-0.3326,0.3644,-0.3141,-0.0816,320,0,319,1,-1.4347,278.67,0,0,31,FALSE,1.434,,,,,,,,37,25,0.019539,112,0.01504,22.44,0,0,0.942,0,951,92529.57757,9.56956,9669.15,13.271666,0.002758,108,36942.1,16.3252,2262.89,13.919739,0.002831,102,79203.8,18.9587,4177.71,12.50103,0.003788,1.255,0,0,0,0,0,1.418709,0.648073,0.770636,25.93,1.26,2,41,6,17,19.09,,,959.349,,4500,3.5,0.25,111,,,,12.220295,0.015905,35,,NOT_AVAILABLE,0,0,0.999911,4527.7,4524.3,4531.1,4.636,4.6325,4.6394,0.4541,0.4447,0.4624,188.5804,188.1949,188.9634,0.1996,0.1944,0.2048,0.1512,0.1473,0.1552,0.0791,0.077,0.0812,MARCS,83.66414091,-65.86173657,0.21282,0.208683,-0.0812,0.076487
SSTSL2 J021648.45-741231.7,0,0,34.201905,-74.208827,295.317233,-41.633243,1,0,7,1,1,1,1,1,2,2,2,0,0,0,0,0,0,22020,12.38,14090,11.05,9387,19.38,5072,13.99,541.9,79.69,0,0,0,0,0,0.98,0.98,1.02,0,0,1595.3,1146.9,420.7,386.6,6.8,0,0,0,0,N,1,0.7405,1.057,3.276,4.627,52.23,40045991,40045991-92,0,0,4.95,3.98,5.1,3.98,27.78,133916691,1,34.20137,-74.20888,80840,1787,74340,1438,53700,989.2,Gaia DR3 4643514028193241216,34.20225718,-74.20869709,0,0,105,1.63615E+018,4.64351E+018,1152516,0.0112,0.0099,4.9205,0.0108,453.5126,66.556,53.492,0.014,39.601,0.014,-0.0712,0.1012,-0.1753,-0.2721,-0.0452,-0.2264,0.2035,-0.0078,-0.2752,0.0047,315,315,315,0,1.0863,668.97,0.081,9.644,31,TRUE,1.517,,,,,,,,36,24,0.020243,43,0.02247,60.18,0,0,1.043,0,366,307086.6851,50.9329,6029.24,11.969214,0.002761,40,152871,84.1668,1816.29,12.377727,0.002853,40,219217,64.4465,3401.53,11.39571,0.003793,1.212,0,0,0,0,0,0.982017,0.408512,0.573504,10.16,0.54,1,18,2,17,36.926,0.55999,0.202735,899.218,5.7,5000,4.5,-0.25,222,,,,11.22612,0.015313,16,39.42358,NOT_AVAILABLE,0,0,0.999712,5252.1,5232.6,5272.9,4.4927,4.4733,4.4992,0.0257,0,0.045,203.1654,202.2753,212.2041,0.0422,0.0271,0.0592,0.0343,0.022,0.0482,0.0182,0.0116,0.0255,MARCS,34.20138355,-74.20887309,0.233121,0.216739,0.0279,0.581174
SSTSL2 J043348.25-685734.3,0,0,68.451071,-68.959552,281.066801,-37.311245,1,0,7,1,1,1,1,1,2,2,2,0,0,0,0,0,0,19910,12.17,13350,10.94,8961,19.65,4957,14.35,524.9,92.08,0,0,0,0,0,1.02,1.02,0.95,0,0,1475.9,1099.8,400.6,371.3,5.7,0,0,0,0,N,1,0.7957,1.125,3.424,4.908,53.08,40019951,40019951-259,0,0,4.09,4.08,3.84,3.83,21.04,682085435,1,68.45115,-68.95957,44300,897.6,51950,1005,40140,702.5,Gaia DR3 4655870206732611712,68.45110728,-68.9595038,0,0,47,1.63615E+018,4.65587E+018,342946550,0.0178,0.0177,7.8193,0.0173,451.6178,16.267,-5.375,0.026,15.353,0.026,0.0883,-0.0344,-0.3027,-0.1147,0.0252,-0.068,0.118,0.0952,-0.0413,0.1929,309,0,306,3,15.086,782.88,0.15,12.274,31,TRUE,1.335,,,,,,,,35,24,0.039343,39,0.02383,29.32,0,0,1.673,0,319,63752.67487,19.7526,3227.56,13.676121,0.002776,38,17520.5,21.0448,832.531,14.729679,0.00308,36,68686.2,36.3644,1888.83,12.655722,0.003823,1.352,0,1,0,0,0,2.073957,1.053558,1.020399,0.97,1.81,2,18,4,16,15.703,,,892.9,,3400,3.5,-1,111,,,,12.232495,0.026916,14,,NOT_AVAILABLE,0,0,0.999019,3821,3809.2,3847.7,4.507,4.5017,4.524,-0.2248,-0.29,-0.0832,128.0103,127.2914,128.8949,0.5757,0.5648,0.5985,0.4007,0.393,0.4168,0.2279,0.2237,0.2367,MARCS,68.45117382,-68.95957204,0.417333,0.412978,0.199,0.179728
SSTSL2 J045316.76+661613.5,0,1,73.319866,66.270436,144.077029,13.937074,1,0,7,1,1,1,1,1,2,2,2,0,0,0,0,0,0,17180,9.161,11060,8.093,7327,14.9,4144,13.37,440.2,61.14,0,0,0,0,0,1.02,0.98,0.98,0,0,1720,1241,447.9,324,7.2,0,0,0,0,N,1,0.6853,0.934,2.92,4.162,43.08,40045680,40045680-0,0,0,4.08,5.95,4.94,5.95,38.11,909615948,1,73.31972,66.2704,38900,967.5,44710,1194,35880,693.9,Gaia DR3 482805833617843200,73.31999228,66.27039811,0,0,155,1.63615E+018,4.82806E+017,947595590,0.0089,0.0099,8.285,0.0184,451.3334,21.322,20.624,0.01,-5.412,0.013,-0.1315,0.0131,0.1172,0.27,0.152,0.1916,-0.1053,0.2041,0.2795,0.2217,495,0,493,2,-0.7352,434.5,0,0,31,FALSE,1.346,,,,,,,,57,20,0.019496,63,0.01511,112.2,0,0,0.976,0,531,60002.44358,12.4779,4808.69,13.741944,0.002765,61,17445.7,14.9868,1164.07,14.73432,0.002942,60,62600.4,28.6611,2184.16,12.756452,0.003812,1.334,0,0,0,0,0,1.977868,0.992375,0.985493,-32.78,1.6,2,31,5,16,18.779,,,990.54,,3900,4.5,0,101,,,,12.303778,0.021645,26,,NOT_AVAILABLE,0,0,0.997667,,,,,,,,,,,,,,,,,,,,,,,73.31976451,66.27042217,0.154827,0.211484,0.1967,0.228196
SSTSL2 J045105.06-683048.2,0,0,72.771109,-68.513401,279.870169,-35.995639,1,0,7,1,1,1,1,1,2,2,2,0,0,0,0,0,0,21800,12.52,14160,11.13,9313,19.7,5149,14.72,776.6,82.62,0,0,0,0,0,1.02,0.95,0.98,0,0,1563.3,1151.8,413.9,383.5,9.4,0,0,0,0,N,1,0.8354,1.145,3.449,5.026,53.25,40019951,40019951-280,0,0,3.06,3.83,3.95,3.95,31.38,120156683,1,72.77139,-68.51335,85350,1808,77050,1632,50260,1204,Gaia DR3 4655564503837635584,72.77110574,-68.51346042,0,0,122,1.63615E+018,4.65556E+018,127170945,0.0103,0.0093,4.4287,0.0098,449.7371,24.639,-16.702,0.013,-18.114,0.012,-0.2,0.1484,-0.0563,-0.027,0.0835,0.0111,-0.1078,0.0484,-0.2281,-0.2086,327,327,327,0,-5.2182,488.15,0.05,3.011,31,TRUE,1.541,,,,,,,,37,24,0.019347,41,0.01154,33.88,0,0,0.801,0,346,365043.1187,53.3779,6838.85,11.781507,0.00276,39,190825,91.3042,2090,12.136951,0.002838,39,249398,74.4305,3350.75,11.255661,0.003793,1.206,0,0,0,0,0,0.88129,0.355445,0.525846,35.64,0.57,1,16,4,15,40.025,0.88458,0.119381,841.846,4.9,5000,3.5,0,444,11.7468,6.7897,12,11.057004,0.011454,12,41.58038,NOT_AVAILABLE,0,0,0.999591,5451.3,5445.9,5497.1,4.4269,4.4245,4.4296,-0.3173,-0.3254,-0.2686,224.6984,223.99,227.1757,0.005,0.001,0.037,0.0041,0.0008,0.0306,0.0022,0.0004,0.0164,MARCS,72.7713084,-68.51337991,0.208581,0.198763,-0.2062,0.213967
SSTSL2 J043724.59-675525.9,0,0,69.352491,-67.923863,279.702373,-37.387737,1,0,7,1,1,1,1,1,2,2,2,0,0,0,0,0,0,16970,11.28,10540,9.768,7244,18.13,4111,14.45,608.1,80.01,0,0,0,0,0,0.95,0.95,0.98,0,0,1360.2,973.6,355.7,283.7,7.6,0,0,0,0,N,1,0.794,1.122,3.454,4.884,52.73,40019951,40019951-306,0,0,3.83,4.79,3.96,4.79,29.91,682144743,1,69.35206,-67.92381,38260,810.6,47510,919,36010,696.5,Gaia DR3 4656394364535698944,69.35261967,-67.92401122,0,0,151,1.63615E+018,4.65639E+018,588965623,0.0163,0.0169,7.5326,0.0168,448.9999,65.064,46.849,0.02,-45.149,0.022,-0.0647,-0.0359,0.0847,-0.065,0.0449,-0.0492,-0.2692,0.0152,-0.2741,-0.1384,219,0,219,0,4.6241,303.04,0.063,1.6987,31,FALSE,1.343,,,,,,,,25,19,0.031676,27,0.03725,27.35,0,0,1.23,0,215,55551.27766,16.4506,3376.86,13.825632,0.002774,27,15937.4,26.2239,607.744,14.832496,0.003313,27,58907.9,40.5992,1450.96,12.822462,0.003853,1.347,0,17,0,3,0,2.010034,1.006864,1.00317,18.78,1.73,2,17,2,15,12.163,,,953.668,,4000,4.5,0.5,101,,,,12.362847,0.035351,15,,NOT_AVAILABLE,0,0,0.998613,,,,,,,,,,,,,,,,,,,,,,,69.35206566,-67.92381056,0.316896,0.354815,-0.1314,0.561289
SSTSL2 J105452.14-615209.2,0,0,163.717252,-61.869238,289.649598,-2.041396,1,0,7,1,1,1,1,1,2,2,2,2,1,0,0,0,0,12200,40.33,8164,46.21,5374,103.2,4547,69.34,1570,134.2,0,0,0,0,1.01,1.05,1.02,0.95,1.02,0,313.3,175.8,63.3,63.4,11.7,0,0,0,0,N,1,9.374,10.91,34.24,23.52,85.83,30002561,30002561-25814,0,0,2.9,3.04,2.85,3.04,11.57,792911078,1,163.7177,-61.86929,24080,620.9,27340,755.4,22680,563.9,Gaia DR3 5241862968982799360,163.7168431,-61.8692167,0,0,29,1.63615E+018,5.24186E+018,1350300766,0.0157,0.0168,8.4594,0.0189,448.3093,91.621,-90.377,0.021,15.049,0.02,0.1118,-0.0644,-0.2058,0.0475,0.1982,0.0845,-0.2337,0.1369,0.0002,0.1383,377,0,376,1,2.2771,425.84,0.054,0.93928,31,FALSE,1.309,,,,,,,,43,28,0.030126,50,0.01066,160.7,0,0,1.084,0,412,26698.56124,9.37318,2848.4,14.621147,0.002782,48,6599,41.9208,157.416,15.789847,0.00744,49,31397.5,74.8976,419.205,13.505658,0.004582,1.423,0,22,0,23,0,2.284189,1.1687,1.115489,17.25,3.11,2,14,7,13,7.5244,,,989.635,,3700,4.5,0,101,,,,12.906866,0.028285,7,,NOT_AVAILABLE,0,0,0.999019,3592.2,3577.4,3604.5,4.5984,4.5494,4.6275,-0.5611,-0.6396,-0.4979,118.1266,117.7528,118.7272,0.6594,0.6479,0.671,0.4451,0.4371,0.4532,0.2652,0.2606,0.2699,MARCS,163.717695,-61.86928358,0.336087,0.318586,0.1286,0.698308
SSTSL2 J055012.63-664340.7,0,0,87.55266,-66.727999,276.60119,-30.777876,1,0,7,1,1,1,1,1,2,2,2,0,0,0,0,0,0,16670,18.76,10750,9.814,6953,22.61,3946,14.24,562.3,80.33,0,0,0,0,0,1.02,0.95,1.02,0,0,795.5,990.5,264.9,305.3,7,2,0,0,0,N,1,0.8197,1.139,3.51,4.965,56.2,40019951,40019951-364,0,0,1.94,3.81,4.07,3.93,28.32,1252961925,1,87.55255,-66.72807,60310,1278,56910,1310,38980,825.7,Gaia DR3 4659670153292165376,87.55253316,-66.72797032,0,0,71,1.63615E+018,4.65967E+018,885658001,0.0104,0.0096,4.6022,0.0103,447.6122,19.685,-0.984,0.013,19.661,0.015,0.0571,0.0042,0.0787,-0.102,-0.0104,-0.1104,-0.0964,0.0249,-0.2881,0.1539,254,254,253,1,-2.5951,301.39,0.04,1.7095,31,TRUE,1.51,,,,,,,,29,23,0.021522,208,0.0123,51.22,0,0,0.884,0,1731,223761.8743,14.6885,15233.9,12.312901,0.002756,190,109374,26.8408,4074.91,12.741258,0.002803,190,162112,25.0041,6483.44,11.723355,0.003783,1.213,0,3,0,0,0,1.017902,0.428356,0.589546,20.96,0.3,1,170,9,19,90.191,-0.26777,0.394921,1010.929,16.02,5250,5,0.25,444,,,,11.496945,0.007765,160,86.38889,VARIABLE,0,0,0.999838,5176.9,5175.6,5178.4,4.5103,4.5088,4.5117,-0.1591,-0.163,-0.1552,216.7744,216.2803,217.2562,0.0006,0.0001,0.0015,0.0005,0.0001,0.0012,0.0003,0,0.0007,PHOENIX,87.55254423,-66.7280577,0.212979,0.240677,0.1631,0.207867
SSTSL2 J002629.94-725203.4,0,0,6.624767,-72.867619,305.48683,-44.136705,1,0,7,1,1,1,1,1,2,2,2,0,0,0,0,0,0,18700,11.13,11730,12.67,7845,22.37,4454,12.69,488.3,90.42,0,0,0,0,0,0.95,0.95,0.98,0,0,1510.6,828.6,301,378.3,5.4,2,0,0,0,N,1,0.7661,0.9946,3.461,3.926,53.7,40045991,40045991-173,0,0,6.62,4.83,4.56,5.16,20.49,1302344483,1,6.624409,-72.86768,55510,1176,58340,1182,43570,1003,Gaia DR3 4688782266237876224,6.62490237,-72.86761684,0,0,127,1.63615E+018,4.68878E+018,961906967,0.0122,0.0119,6.0199,0.0135,446.9408,40.822,35.61,0.016,19.959,0.015,-0.0827,0.208,-0.2835,-0.1,-0.2326,-0.0329,-0.0227,-0.1609,-0.051,0.041,377,324,375,2,5.6565,830.42,0.11,13.32,31,TRUE,1.435,,,,,,,,43,27,0.022341,52,0.01532,61.11,0,0,1.214,0,435,137000.3919,25.2662,5422.27,12.845562,0.002763,46,55351.3,42.4367,1304.33,13.480722,0.002912,46,116625,39.1506,2978.88,12.080916,0.003797,1.255,0,1,0,0,0,1.399806,0.63516,0.764646,-49.73,0.65,1,22,2,17,26.189,-0.98775,0.809083,970.395,8.69,4500,4,0.5,111,,,,11.791602,0.018741,20,27.48424,NOT_AVAILABLE,0,0,0.999848,4510.9,4493.1,4520.2,4.5952,4.5854,4.607,0.3686,0.3299,0.3893,163.8054,160.7594,165.3627,0.1548,0.1349,0.1669,0.1174,0.1023,0.1267,0.0614,0.0535,0.0663,MARCS,6.624365113,-72.86770555,0.252945,0.248024,0.0465,0.143769
SSTSL2 J005026.91-713859.8,0,0,12.612141,-71.649956,303.04297,-45.478082,1,0,7,1,1,1,1,1,2,2,2,0,0,0,0,0,0,16080,9.994,10260,8.672,6673,19.58,3730,10.06,536,69.62,0,0,0,0,0,1.05,0.98,1.02,0,0,1439.1,1054.2,288.6,379.1,7.7,0,0,0,0,N,1,0.6869,0.9714,3.062,4.112,50.66,40045991,40045991-236,0,0,5.31,8.95,5.15,8.69,37.52,127399470,1,12.61181,-71.64996,58720,1244,55460,1175,38020,735.4,Gaia DR3 4689290996529690368,12.61224604,-71.6499398,0,0,116,1.63615E+018,4.68929E+018,812185136,0.009,0.0081,4.3696,0.0098,446.5539,28.984,28.614,0.012,4.615,0.01,-0.1238,0.186,0.0521,-0.0003,-0.2214,0.0203,0.1094,0.0839,-0.1603,0.0438,370,370,370,0,-0.9894,519.55,0.048,3.2028,31,TRUE,1.513,,,,,,,,42,26,0.017291,50,0.003919,162.3,0,0,0.963,0,401,216497.2111,39.9068,5425.07,12.348736,0.002763,45,106722,65.6541,1625.52,12.767906,0.002869,43,155977,48.1702,3238.04,11.765244,0.003794,1.213,0,0,0,0,0,1.002663,0.41917,0.583492,-17.26,0.78,1,22,3,18,28.428,0.59867,0.212007,945.978,10.69,5250,4,0,111,,,,11.532269,0.016105,19,29.76434,NOT_AVAILABLE,0,0,0.999862,5264.1,5260.8,5268.4,4.4949,4.4931,4.4987,-0.0104,-0.0145,-0.0055,226.8005,226.0833,227.4007,0.1038,0.1007,0.1075,0.0844,0.0819,0.0874,0.0447,0.0434,0.0464,MARCS,12.61184209,-71.64996031,0.199337,0.162259,0.0428,0.132571
SSTSL2 J174508.56+053329.4,0,0,266.285668,5.558184,30.335612,17.267953,1,0,7,1,1,1,1,1,2,2,0,0,0,0,0,0,0,10510,9.556,7038,8.937,4729,16.09,2610,18.01,280.8,19.77,0,0,0,0,0,0.95,1.02,0,0,0,995.6,736.6,264.1,179.5,14.2,2,0,0,0,N,1,0.9443,1.305,3.893,5.952,20.3,40018640,40018640-0,0,0,4.8,3.06,5.12,2.87,253.99,1144789430,1,266.2856,5.558422,22720,523.1,27060,772.7,20720,438.9,Gaia DR3 4474062626178049664,266.2856359,5.557978195,0,0,56,1.63615E+018,4.47406E+018,1514803867,0.014,0.0132,7.8847,0.0177,446.2612,101.583,5.965,0.017,-101.407,0.015,0.1374,-0.0644,-0.2206,-0.2102,-0.2395,-0.2187,-0.5739,0.0191,0.2593,0.1471,404,0,403,1,0.693,399.53,0,0,31,FALSE,1.355,,,,,,,,46,21,0.02576,46,0.02959,2.994,0,0,1.024,0,393,37554.69367,8.00352,4692.27,14.250707,0.002765,45,11343.3,13.1217,864.47,15.20169,0.00306,44,38361,25.2175,1521.21,13.288171,0.003846,1.324,0,2,0,0,0,1.913519,0.950983,0.962536,30.13,4.94,2,18,4,14,7.601,,,923.128,,4000,4.5,0,101,,,,12.877746,0.046598,17,,NOT_AVAILABLE,0,0,0.997667,3868.9,3861.5,3871.4,4.7163,4.7065,4.7189,-0.5024,-0.5336,-0.5003,126.0189,125.6326,126.5936,0.5442,0.5334,0.5497,0.3862,0.3785,0.3902,0.2098,0.2056,0.2119,PHOENIX,266.2856093,5.558428896,0.278895,0.248151,0.1629,0.749755
SSTSL2 J161002.71+540502.1,0,0,242.51131,54.08394,83.703985,45.015074,1,0,7,1,1,1,1,1,2,2,2,0,0,0,0,0,0,7945,4.484,5539,5.302,3697,9.21,2062,7.019,317.2,46.64,0,0,0,0,0,0.98,0.95,1.05,0,0,1598.3,937.7,397.3,346,6.8,0,0,0,0,N,1,0.3161,0.5483,2.495,2.622,27.37,60095791,60095791-25,1,1,4.36,5.76,5.02,6.3,43.57,648656159,1,242.5113,54.08394,14930,316.2,17440,385.6,14820,245.7,Gaia DR3 1428932977976044672,242.5114577,54.08394005,0,0,146,1.63615E+018,1.42893E+018,356747630,0.0285,0.0299,13.5766,0.0307,442.9283,18.235,18.09,0.034,2.299,0.039,-0.1208,-0.1267,-0.2575,0.1599,0.0067,0.1266,-0.3005,-0.0331,-0.266,-0.0869,320,0,320,0,1.6339,397.88,0.123,1.7416,31,FALSE,1.23,,,,,,,,37,23,0.056184,40,0.005958,127.9,0,0,1.065,0,335,9541.62894,9.73808,979.827,15.738311,0.00297,35,1274.99,10.706,119.092,17.574774,0.009534,35,13056.8,28.567,457.059,14.458306,0.004464,1.502,0,1,0,1,0,3.116467,1.836463,1.280005,-4.76,5.01,2,18,1,17,4.0178,,,905.384,,3700,3,0.5,111,,,,13.997087,0.07204,19,,NOT_AVAILABLE,0,0,0.999697,,,,,,,,,,,,,,,,,,,,,,,242.5113207,54.08392984,0.547778,0.63222,-0.0987,0.312001
SSTSL2 J061105.45-063909.4,0,0,92.772742,-6.652616,214.325011,-11.98452,1,0,7,1,1,1,1,1,2,2,2,0,0,0,0,0,0,17500,14.95,11120,9.892,7528,18.01,4262,14.19,478.5,90.28,0,0,0,0,0,0.95,0.95,0.95,0,0,1042.8,1019.1,366.3,336.3,5.3,0,0,0,0,N,1,0.8454,1.121,3.342,5.612,64.69,40045501,40045501-11,0,0,4.56,5.46,4.78,5.82,15.39,146762937,1,92.77265,-6.652511,44420,1064,50440,1161,38230,739.4,Gaia DR3 3019697845468942080,92.77286667,-6.652756039,0,0,74,1.63615E+018,3.0197E+018,955138786,0.013,0.0124,6.7358,0.0152,442.4216,68.06,44.185,0.017,-51.767,0.016,0.0327,-0.1168,-0.272,0.0933,-0.2158,0.0969,-0.4933,0.0898,0.0161,-0.0661,243,0,241,2,0.402,231.68,0,1.31E-15,31,TRUE,1.378,,,,,,,,28,18,0.024592,28,0.01376,89.7,0,0,1.017,0,234,81303.60516,19.2312,4227.69,13.412092,0.002767,26,27009.8,32.2573,837.323,14.25974,0.003077,26,78668.9,41.2489,1907.18,12.508388,0.003822,1.3,0,0,0,0,0,1.751352,0.847648,0.903705,50.47,1.47,2,16,2,13,15.622,,,923.88,,4500,4.5,1,101,,,,12.097989,0.035391,14,,NOT_AVAILABLE,0,0,0.999488,4340.8,4338.9,4343.2,4.65,4.6466,4.6624,0.4982,0.4958,0.4996,146.2367,144.6012,146.6866,0.6845,0.6804,0.6884,0.5002,0.4971,0.5031,0.2669,0.2653,0.2685,PHOENIX,92.77266896,-6.652525963,0.279079,0.25472,-0.0724,0.672964
SSTSL2 J141156.27-651032.3,0,0,212.984476,-65.175655,311.254196,-3.612797,1,0,6,1,1,2,1,1,2,2,2,0,0,0,0,0,0,14260,11.37,10380,10.06,,,3793,11.66,587.2,45.17,0,0,0,0,0,0.95,1.02,0.95,0,0,1080.2,929.7,1121.3,374.9,13,2,2,,0,P,1,0.891,1.017,,4.304,28.76,50065650,50065650-0,0,0,5.18,6.3,6.72,7.67,52.98,924018278,1,212.9845,-65.17574,44460,900.9,49430,956.1,36310,702.3,Gaia DR3 5852737640612120192,212.9845324,-65.17573517,0,0,30,1.63615E+018,5.85274E+018,494341496,0.0084,0.0101,5.8534,0.0133,441.2734,3.78,3.779,0.01,-0.088,0.012,0.3368,-0.0475,-0.4188,-0.1916,-0.163,-0.1712,-0.315,-0.0218,0.1239,0.4028,531,8,531,0,-0.9178,485.86,0,0,31,FALSE,1.411,,,,,,,,62,28,0.019124,67,0.01094,151,0,0,0.971,0,565,95247.35199,14.0339,6786.96,13.240234,0.00276,62,35772.8,20.9342,1708.82,13.954659,0.002862,60,85390.5,30.3687,2811.79,12.419371,0.003799,1.272,0,39,0,0,0,1.535288,0.714424,0.820864,4.16,1.31,2,21,14,16,18.164,,,920.74,,4500,4,0.5,111,,,,12.068072,0.012542,7,,NOT_AVAILABLE,0,0,0.99979,4484.3,4471.9,4489.2,4.6082,4.6048,4.6123,0.3481,0.3172,0.3798,167.9218,166.7636,168.6655,0.4528,0.4429,0.4589,0.3395,0.332,0.3441,0.1783,0.1744,0.1807,MARCS,212.9844924,-65.17573478,0.162124,0.198947,0.406,0.300944
SSTSL2 J021301.85-750101.0,0,0,33.25772,-75.016967,296.073948,-41.006476,1,0,7,1,1,1,1,1,2,2,0,0,0,0,0,0,0,9836,9.077,6711,8.13,4504,15.14,2388,12.3,388.8,74.77,0,0,0,0,0,0.95,1.02,0,0,0,971.2,753.8,263.4,218.7,5.2,2,0,0,0,N,1,0.7825,1.077,3.54,4.648,51.71,40045991,40045991-49,0,0,5.76,4.12,6.14,4.16,30.98,133895895,1,33.25715,-75.01695,22060,487.6,24660,522.4,19720,435.8,Gaia DR3 4637287223263425664,33.25786727,-75.01692233,0,0,104,1.63615E+018,4.63729E+018,535431186,0.0174,0.0159,7.7778,0.0178,436.3013,37.869,37.521,0.022,5.127,0.02,-0.0512,0.2039,0.0003,-0.0834,0.053,-0.0661,0.0127,-0.0385,-0.1168,-0.1144,319,0,316,3,1.2577,336.85,0.039,0.45977,31,FALSE,1.303,,,,,,,,36,26,0.031373,42,0.01421,84.26,0,0,1.05,0,348,24877.25605,8.63501,2880.97,14.697861,0.002781,39,5721.2,11.5629,494.792,15.944823,0.00355,41,28984.8,23.43,1237.08,13.592469,0.00388,1.395,0,1,0,0,0,2.352354,1.246963,1.105392,18.08,3.26,2,14,1,14,7.6239,,,974.224,,3700,4,0,111,,,,13.08174,0.07102,14,,NOT_AVAILABLE,0,0,0.992964,3655.2,3646.2,3657.6,4.7112,4.7066,4.7135,0.1149,0.0997,0.1196,128.3472,127.9275,128.6996,0.5773,0.5659,0.583,0.3874,0.3796,0.3912,0.2378,0.233,0.2401,MARCS,33.25722225,-75.01694512,0.355432,0.319597,-0.107,0.21129
SSTSL2 J004024.35-725939.4,0,0,10.101479,-72.994286,304.05498,-44.109901,1,0,7,1,1,1,1,1,2,2,2,0,0,0,0,0,0,20180,9.662,12930,9.767,8389,15.39,4654,13.72,605.1,72.04,0,0,0,0,0,0.98,1.02,0.98,0,0,1861.9,1185.8,483,378.2,8.4,0,0,0,0,N,1,0.8078,1.102,3.37,4.684,46.04,40045991,40045991-171,0,0,4.94,4.09,5.76,3.96,30.6,1302475111,1,10.10118,-72.99423,79290,1826,68300,1510,48710,1032,Gaia DR3 4688917506197931008,10.10195768,-72.99430204,0,0,104,1.63615E+018,4.68892E+018,197529082,0.0106,0.0089,4.61,0.0106,432.9346,49.799,48.464,0.016,-11.456,0.012,-0.0936,0.0668,-0.0963,-0.0974,-0.1106,-0.0662,0.1399,-0.1298,-0.0567,0.001,354,354,353,1,-2.0253,635.37,0.074,6.9255,31,TRUE,1.54,,,,,,,,40,26,0.021648,50,0.01376,57.51,0,0,0.923,0,418,327886.644,47.1762,6950.26,11.898058,0.00276,49,170852,103.843,1645.3,12.256989,0.002867,49,224510,63.8301,3517.31,11.369805,0.003792,1.206,0,0,0,0,0,0.887184,0.358932,0.528253,27.17,0.4,1,21,2,21,34.279,-2.3241,0.987801,970.896,5.25,5250,4,-0.25,222,,,,11.164395,0.019859,19,37.90571,NOT_AVAILABLE,0,0,0.99964,5695.7,5683.3,5720.5,4.5487,4.543,4.559,-0.1342,-0.1479,-0.0972,214.106,213.1445,217.9372,0.1765,0.1692,0.1933,0.1471,0.141,0.1611,0.0788,0.0755,0.0863,MARCS,10.10122121,-72.99425113,0.25113,0.192367,0.008,0.507289
SSTSL2 J011121.53-743117.2,0,0,17.839728,-74.521454,301.130088,-42.537032,1,0,7,1,1,1,1,1,2,2,2,0,0,0,0,0,0,16480,14.82,10580,9.344,6843,16.73,3750,13.43,452.6,80.83,0,0,0,0,0,0.98,1.02,1.05,0,0,1003.1,1028.7,363.3,322.4,5.6,0,0,0,0,N,1,0.7745,0.9875,3.331,3.894,49.45,40045991,40045991-100,0,0,3.95,4.08,5.26,3.96,30.19,1170159415,1,17.83954,-74.52148,59480,1260,54200,1098,37020,818.3,Gaia DR3 4686090485676549760,17.83994401,-74.52143866,0,0,115,1.63615E+018,4.68609E+018,682509538,0.0106,0.0089,4.4156,0.0102,431.7498,25.32,25.081,0.014,3.469,0.012,-0.2167,0.1292,-0.2205,-0.0009,-0.1204,0.0288,0.0905,-0.0356,-0.0945,-0.1562,369,369,368,1,0.6943,627.08,0.075,7.8577,31,TRUE,1.531,,,,,,,,42,28,0.020056,48,0.0264,89.02,0,0,1.025,0,396,242510.3979,43.7962,5537.24,12.225541,0.002762,41,123934,73.9308,1676.35,12.605569,0.002864,41,169371,59.6832,2837.84,11.675796,0.003799,1.209,0,0,0,0,0,0.929773,0.380028,0.549746,5.45,0.96,1,19,6,17,25.833,0.40014,0.288805,908.271,12.4,5250,4,-0.25,111,6.3359,9.8888,10,11.43447,0.008454,13,,NOT_AVAILABLE,0,0,0.99982,5357.2,5347.8,5368.6,4.4966,4.4933,4.4994,-0.4346,-0.4453,-0.4215,225.747,225.0845,226.7453,0.0556,0.0491,0.0637,0.0457,0.0403,0.0524,0.0245,0.0216,0.0281,MARCS,17.83952633,-74.52145408,0.227571,0.18724,-0.1567,0.214756
SSTSL2 J194437.13+254507.0,1,0,296.154721,25.751954,61.693868,0.789075,1,0,7,1,1,1,1,1,2,0,0,0,0,0,0,0,0,50820,82.99,34840,98.36,22060,159.6,12460,93.84,1994,139.4,0,0,0,0,0,1.02,0,0,0,0,555.2,327.1,122.3,141.4,14.3,2,0,0,0,N,1,10.18,11.62,37.51,25.85,80.88,30002561,30002561-29684,0,0,4.26,2.56,4.19,2.97,9.65,1114020994,1,296.1547,25.75196,215200,4360,173000,4780,120400,2219,Gaia DR3 2021723195966315776,296.1547231,25.75192743,0,0,170,1.63615E+018,2.02172E+018,918528800,0.0068,0.0091,5.474,0.0127,430.7109,11.039,7.983,0.009,-7.624,0.011,-0.1079,-0.0171,-0.3711,-0.0023,0.2305,-0.0116,-0.2447,-0.0018,-0.3443,-0.0831,585,585,579,6,-3.3035,994.8,0.057,4.8365,31,FALSE,1.573,,,,,,,,66,26,0.016514,72,0.01345,125.1,0,0,0.904,0,586,1075726.823,398.63,2698.56,10.608112,0.002785,65,596615,756.674,788.47,10.899307,0.003111,65,687557,600.398,1145.17,10.154623,0.003896,1.194,0,0,0,0,0,0.744684,0.291195,0.453489,11.32,0.35,1,19,7,13,73.84,0.60126,0.256455,835.716,3.85,5750,4,0,444,14.4137,3.5395,12,9.973186,0.013781,12,,VARIABLE,0,0,0.998613,5909.8,5902.5,5923.9,4.2993,4.2904,4.3041,-0.1736,-0.181,-0.1628,181.7105,181.0869,184.6581,0.0068,0.0019,0.0164,0.0058,0.0016,0.0139,0.0031,0.0008,0.0075,MARCS,296.1546837,25.75196132,0.147208,0.185316,-0.0801,0.095886
SSTSL2 J003147.05-730003.3,0,0,7.946077,-73.000923,304.928515,-44.051057,1,0,7,1,1,1,1,1,2,2,2,0,0,0,0,0,0,21990,11.71,14280,14.77,9866,25.16,5261,15.94,395.9,74.7,0,0,0,0,0,0.98,1.02,1.02,0,0,1691.1,856.2,322.4,328.3,5.3,0,0,0,0,N,1,0.6858,0.9481,2.954,3.872,50.29,40045991,40045991-172,0,0,3.93,4.06,4.06,4.05,31.27,1302379074,1,7.945962,-73.00096,86860,1920,74270,1642,51620,1093,Gaia DR3 4689093221873358208,7.945624669,-73.00096532,0,0,104,1.63615E+018,4.68909E+018,1207027589,0.0101,0.0092,4.59,0.0107,430.666,22.806,-21.808,0.012,-6.674,0.012,-0.048,0.1065,-0.1952,-0.0461,-0.076,-0.0255,-0.0758,-0.1058,-0.1033,-0.0569,368,368,365,3,-4.2737,710.19,0.081,9.3276,31,TRUE,1.562,,,,,,,,42,26,0.017035,49,0.004695,115.8,0,0,0.844,0,393,406523.5999,77.7182,5230.74,11.664653,0.002763,47,220431,134.526,1638.58,11.980361,0.002868,45,267712,83.2723,3214.89,11.178728,0.003794,1.201,0,1,0,0,0,0.801633,0.315708,0.485925,44.92,0.67,1,22,6,17,42.149,0.63884,0.206329,970.719,11.19,5750,4,-0.5,222,,,,10.994783,0.008925,14,44.98919,NOT_AVAILABLE,0,0,0.999781,5666.2,5665.2,5667.4,4.4503,4.4487,4.4518,-0.6726,-0.6776,-0.6677,215.9415,215.4323,216.4835,0.0004,0,0.001,0.0003,0,0.0008,0.0002,0,0.0005,MARCS,7.945956196,-73.00093566,0.193287,0.192239,-0.0525,0.499853
SSTSL2 J125554.60-623708.6,1,0,193.977511,-62.619075,303.446084,0.248209,1,0,7,1,1,1,1,1,2,2,2,0,0,0,0,0,0,131500,98.66,88390,141.8,55210,163,31600,141.4,3360,112.4,0,0,0,0,0,1.05,1.02,1.02,0,0,1189.5,550.3,303.5,211.1,29.9,3,2,0,0,N,1,9.077,10.08,34.47,26.52,82.31,30002561,30002561-29446,0,0,4.22,2.04,4.09,2.04,17.99,950848805,1,193.9777,-62.61902,555100,11760,444600,15560,286000,5532,Gaia DR3 5863045768276883584,193.9778631,-62.61913717,0,0,18,1.63615E+018,5.86305E+018,723838825,0.0104,0.0145,6.9527,0.0161,430.5278,25.432,8.201,0.012,-24.074,0.018,0.2397,-0.1032,-0.127,0.1011,-0.0007,0.1204,-0.0033,0.1019,0.1562,0.295,413,413,405,8,-0.668,821.59,0.106,10.966,31,TRUE,1.571,,,,,,,,47,25,0.025381,59,0.02626,120.1,22,0,0.976,0,467,2116842.435,754.351,2806.18,9.873145,0.002782,53,1349770,12243.7,110.242,10.012891,0.010236,42,1635870,6008.93,272.239,9.213527,0.005494,1.41,2,51,0,42,0,0.799364,0.139746,0.659618,9.43,0.58,2,6,6,5,57.667,,,755.327,,6000,4,-0.25,444,,,,,,,,NOT_AVAILABLE,0,0,0.999843,5827.9,5819.5,5842,4.1899,4.1878,4.1921,-1.5588,-1.5865,-1.5192,143.4614,143.1396,143.8025,0.0079,0.0025,0.0164,0.0067,0.0021,0.0139,0.0037,0.0011,0.0077,MARCS,193.9777838,-62.61903018,0.19776,0.283257,0.2814,0.624397
SSTSL2 J132244.94+575806.3,0,0,200.687259,57.968425,114.945865,58.671706,1,0,7,1,1,1,1,1,2,2,0,0,0,0,0,0,0,10090,9.689,6587,8.972,4178,22.94,2437,16.37,305.3,31.47,0,0,0,0,0,0.98,0.98,0,0,0,928.7,682.6,170.6,179.9,9.7,0,0,0,0,N,1,0.9079,1.33,5.996,6.213,22.37,50070681,50070681-2,0,0,4.24,2.94,3.17,3.03,115.62,615151684,1,200.6874,57.96842,29620,545.6,32600,600.5,23700,480.3,Gaia DR3 1566728001415756928,200.686888,57.96839943,0,0,58,1.63615E+018,1.56673E+018,313558020,0.0095,0.0091,4.8478,0.0113,427.828,55.389,-53.15,0.013,15.59,0.011,0.0729,-0.1301,-0.115,-0.0463,-0.0396,-0.086,0.0439,0.1778,-0.2002,0.036,422,0,419,3,-0.8097,384.45,0,0,31,TRUE,1.433,,,,,,,,48,30,0.017591,52,0.006977,122,0,0,0.971,0,435,72715.98005,9.68487,7508.2,13.533292,0.002759,50,29251.7,24.9367,1173.04,14.173163,0.00294,48,62031.6,33.4474,1854.6,12.766364,0.003824,1.255,0,3,0,2,0,1.406799,0.639872,0.766928,41.35,1.42,2,31,6,23,16.597,,,968.839,,4250,4.5,-0.25,222,,,,12.427835,0.027218,25,,NOT_AVAILABLE,0,0,0.999442,4421.5,4407.6,4433.7,4.5833,4.5775,4.5897,0.0526,-0.0372,0.0871,208.2179,205.8234,210.8805,0.0971,0.0831,0.1125,0.0736,0.0628,0.0853,0.0387,0.033,0.0448,MARCS,200.6873334,57.96833014,0.202962,0.179913,0.0425,0.714275
SSTSL2 J053112.09-715740.2,0,0,82.800413,-71.961168,282.900381,-31.87695,1,0,7,1,1,1,1,1,2,2,2,0,0,0,0,0,0,19010,11.09,12240,12.82,7920,17.07,4423,13.71,514,77.88,0,0,0,0,0,0.98,1.02,0.95,0,0,1542.9,848.9,402.9,321.1,6.6,3,2,0,0,N,1,0.8243,1.165,3.489,5.099,53.31,40019951,40019951-105,0,0,4.99,5.27,5.77,6.16,30.99,177969321,1,82.80027,-71.96119,68230,1760,65460,1568,44460,860,Gaia DR3 4650940473333651456,82.80024602,-71.96106711,0,0,170,1.63615E+018,4.65094E+018,996752251,0.01,0.0101,4.5538,0.0107,426.9647,36.887,-0.111,0.013,36.887,0.015,-0.0036,0.1083,0.0713,-0.0274,0.1074,0.0055,-0.2823,0.2482,-0.307,-0.0052,309,309,308,1,-3.7786,442.17,0.046,2.1735,31,TRUE,1.538,,,,,,,,35,26,0.021356,40,0.01687,19.56,0,0,0.849,0,337,307766.0718,104.488,2945.47,11.966815,0.00278,38,159729,173.479,920.736,12.330086,0.003029,37,212294,200.898,1056.72,11.430551,0.003917,1.209,0,10,0,6,0,0.899535,0.363271,0.536264,19.65,0.74,1,16,6,14,29.792,0.47306,0.323174,917.017,7.11,5500,3.5,0,111,,,,11.229599,0.016593,9,,VARIABLE,0,0,0.999661,5509.3,5493.4,5548.7,4.4976,4.484,4.5101,-0.0959,-0.1136,-0.0388,218.5939,217.7478,225.8057,0.0605,0.05,0.0869,0.05,0.0413,0.072,0.0267,0.022,0.0384,MARCS,82.80024762,-71.96123106,0.205524,0.245728,-0.004,0.408114
SSTSL2 J010350.82-710725.5,0,0,15.961773,-71.123771,301.488424,-45.969685,1,0,6,1,1,1,1,1,2,2,2,0,0,0,0,0,0,12230,9.302,7602,7.938,5050,17.81,2820,11.04,424.7,77.23,0,0,0,0,0,0.95,1.02,1.02,0,0,1203.3,870.2,243.6,282.7,5.5,0,0,0,0,N,1,0.767,1.061,3.404,4.627,55.64,40045991,40045991-256,0,0,3.64,6.15,5.14,6.16,31.54,,0,,,,,,,,,Gaia DR3 4690820314124649216,15.96178876,-71.12384141,0,0,112,1.63615E+018,4.69082E+018,534383887,0.0107,0.0097,5.1564,0.0121,426.7973,58.829,-53.207,0.014,-25.097,0.013,-0.0937,0.2602,-0.0994,-0.0317,-0.0746,0.0539,0.0032,0.0823,-0.2945,-0.0204,355,0,353,2,0.4417,348.36,0,0,31,FALSE,1.413,,,,,,,,41,25,0.020024,47,0.01968,92.09,0,0,1.016,0,388,76140.48445,11.1988,6798.99,13.483328,0.00276,41,28721.7,27.1538,1057.74,14.193019,0.002973,44,67789.5,28.3401,2392,12.669989,0.003807,1.268,0,2,0,0,0,1.52303,0.709691,0.813339,17.97,1.66,2,24,4,20,15.498,,,847.548,,4500,4.5,0.75,111,,,,12.343283,0.024499,20,,NOT_AVAILABLE,0,0,0.999762,4488.4,4458.5,4500.9,4.63,4.6254,4.6352,0.5511,0.4152,0.6215,190.4787,187.0662,192.4244,0.3668,0.347,0.3754,0.2749,0.2599,0.2814,0.1443,0.1366,0.1477,MARCS,15.96251969,-71.12372986,0.232082,0.212218,-0.0214,0.254138
SSTSL2 J013536.96-735647.0,0,0,23.904034,-73.946396,298.78979,-42.824721,1,0,7,1,1,1,1,1,2,2,2,0,0,0,0,0,0,25850,11.56,16060,9.822,10590,21.98,5957,11.34,771.4,66.5,0,0,0,0,0,0.95,0.95,1.02,0,0,1990,1458.3,403.6,532.4,11.6,0,0,0,0,N,1,0.6488,1.04,3.078,4.659,46.25,40045991,40045991-119,0,0,5.74,6.7,6.13,6.7,38.84,1321926520,1,23.90409,-73.9463,76630,1694,79580,1612,60530,1171,Gaia DR3 4686181779499927296,23.9041226,-73.94646089,0,0,123,1.63615E+018,4.68618E+018,591438227,0.0121,0.0109,4.9871,0.0117,425.7369,36.038,3.545,0.015,-35.863,0.014,-0.2469,0.1348,-0.052,-0.2214,-0.1254,-0.2002,0.267,-0.06,-0.1496,-0.2512,326,326,325,1,6.6068,717.28,0.089,10.285,31,TRUE,1.435,,,,,,,,38,26,0.023221,46,0.02082,77.94,0,0,1.271,0,377,190756.4542,33.7306,5655.3,12.486169,0.002762,44,77279.9,51.8369,1490.83,13.118376,0.002884,44,161507,44.2074,3653.38,11.72742,0.003791,1.252,0,0,0,0,0,1.390956,0.632207,0.758749,25.6,1.87,1,23,0,20,33.249,11.62,0,972.899,32.09,4500,4,0.5,111,20.3387,13.0314,19,11.457335,0.012627,23,33.8123,NOT_AVAILABLE,0,0,0.999948,4535.4,4497.2,4551.4,4.4006,4.3773,4.4144,0.4158,0.3238,0.4687,201.7414,199.187,205.6796,0.1627,0.1269,0.1801,0.1238,0.0964,0.1371,0.0647,0.0504,0.0716,MARCS,23.90406562,-73.9463015,0.245255,0.225382,-0.2331,0.249716
SSTSL2 J102204.57+595624.9,0,0,155.519075,59.940255,150.229862,48.511187,1,0,7,1,1,1,1,1,2,2,0,0,0,0,0,0,0,10740,9.938,6904,8.973,4705,23.86,2587,17.05,254.3,39.73,0,0,0,0,0,1.02,1.02,0,0,0,978,710.8,182.7,165.3,6.4,0,0,0,0,P,1,0.8845,1.27,5.255,5.753,21.69,60095910,60095910-0,1,1,3.04,3.04,3.04,3.03,78.96,1025838234,1,155.519,59.94032,25850,523.7,30590,817.1,22990,529.4,Gaia DR3 1048281601467224960,155.5192296,59.94013944,0,0,29,1.63615E+018,1.04828E+018,749794827,0.008,0.0111,6.0621,0.0142,425.4578,43.753,26.932,0.011,-34.481,0.015,0.5367,-0.1331,-0.2187,-0.1632,-0.0805,-0.1701,-0.0435,0.1802,0.1026,0.5076,752,0,751,1,0.0517,714.19,0,0,31,FALSE,1.381,,,,,,,,86,26,0.023218,89,0.01566,77.85,0,0,1.001,0,745,49704.63229,7.2084,6895.38,13.946375,0.00276,83,16713.2,16.3422,1022.7,14.780894,0.002985,81,47733.1,17.7499,2689.2,13.050847,0.003801,1.297,0,2,0,0,0,1.730047,0.834519,0.895528,-40.08,1.69,2,37,4,17,18.318,,,892.866,,4500,4.5,0.75,101,,,,12.633227,0.031151,34,,NOT_AVAILABLE,0,0,0.999661,,,,,,,,,,,,,,,,,,,,,,,155.5189907,59.94029269,0.178479,0.244471,0.5167,0.500794
SSTSL2 J060224.77-684537.4,0,0,90.603235,-68.760401,278.914328,-29.567862,1,0,7,1,1,1,1,1,2,2,0,0,0,0,0,0,0,10410,11.47,6732,8.228,4357,14.72,2432,13.78,438.6,84.34,0,0,0,0,0,0.95,0.95,0,0,0,809.7,747.8,269.6,211.5,5.2,3,2,0,0,N,1,0.8226,1.142,3.385,4.992,53.01,40019951,40019951-243,0,0,4.82,3.85,4.83,3.98,26.58,128443455,1,90.60307,-68.76038,32870,726.6,34290,821.2,23880,461.8,Gaia DR3 5282800982295928576,90.60301964,-68.76038869,0,0,6,1.63615E+018,5.2828E+018,104375015,0.0102,0.0123,4.4572,0.0105,424.0193,7.081,-6.694,0.013,2.308,0.017,0.0401,0.0614,-0.1143,-0.0274,0.1817,-0.0196,-0.485,0.1097,-0.0588,0.0665,292,0,291,1,0.1702,301.38,0,0,31,TRUE,1.47,,,,,,,,34,24,0.025088,41,0.01721,16.94,0,0,1.006,0,329,101219.5734,32.8622,3080.12,13.174206,0.002778,40,45053.8,58.675,767.854,13.704213,0.003128,39,79643.5,68.8967,1155.98,12.495019,0.003894,1.232,0,0,0,0,0,1.209194,0.530007,0.679187,9.88,1.76,2,20,4,18,16.204,,,982.231,,4750,4,0.25,111,,,,12.211853,0.025319,16,,VARIABLE,0,0,0.999661,4785.9,4780.8,4791.3,4.625,4.6203,4.629,0.0896,0.0824,0.0953,222.0534,221.5447,222.5259,0.0948,0.0898,0.1004,0.0743,0.0703,0.0786,0.039,0.0369,0.0413,MARCS,90.60310177,-68.76039895,0.215579,0.285571,0.0669,0.284341
SSTSL2 J022606.08-741536.2,0,0,36.525335,-74.260056,294.597972,-41.300672,1,0,7,1,1,1,1,1,2,2,0,0,0,0,0,0,0,11840,8.563,7199,7.439,4658,17.63,2632,10.83,510,87.93,0,0,0,0,0,0.95,1.02,0,0,0,1271,877.7,227.9,276,5.8,0,0,0,0,N,1,0.6503,0.9116,2.889,3.846,52.32,40045991,40045991-69,0,0,3.23,6.03,3.83,5.93,25.08,133960393,1,36.52577,-74.26008,34040,752.5,35880,859.1,26160,554.1,Gaia DR3 4643337144260617984,36.52554607,-74.26005003,0,0,86,1.63615E+018,4.64334E+018,1115598231,0.0106,0.0086,4.3204,0.0103,418.9746,12.375,-11.652,0.014,4.167,0.011,0.0259,0.1116,-0.114,-0.1095,-0.0909,-0.0969,0.0464,0.202,-0.1345,0.0841,317,0,315,2,0.1385,323.09,0.016,0.2327,31,FALSE,1.46,,,,,,,,36,26,0.019198,42,0.01243,101.9,0,0,1.004,0,358,101343.012,12.2384,8280.73,13.172882,0.002758,37,43877.6,29.9526,1464.9,13.732934,0.002887,39,81470.8,28.0861,2900.76,12.47039,0.003798,1.237,0,0,0,0,0,1.262544,0.560052,0.702492,24.39,1.41,2,18,1,18,13.964,,,835.84,,4500,4,0.25,111,,,,12.216768,0.023798,18,,NOT_AVAILABLE,0,0,0.99982,,,,,,,,,,,,,,,,,,,,,,,36.52573697,-74.26006855,0.220614,0.1805,0.0935,0.207244
SSTSL2 J055702.15-665228.5,0,0,89.258972,-66.874584,276.748908,-30.101841,1,0,7,1,1,1,1,1,2,2,2,0,0,0,0,0,0,14640,10.22,9304,9.101,6504,16.46,3592,13.21,542.5,84.77,0,0,0,0,0,1.05,0.98,0.98,0,0,1278.5,924.7,343.7,302,6.4,2,0,0,0,N,1,0.7947,1.13,3.469,4.616,53.8,40019951,40019951-339,0,0,6.04,4.25,5.96,4.65,29.68,120695242,1,89.25931,-66.87466,31100,630.2,34740,831.9,28180,519.2,Gaia DR3 4659697434914368256,89.25881023,-66.87457354,0,0,86,1.63615E+018,4.6597E+018,7359868,0.024,0.0201,8.8111,0.0212,416.409,48.716,-43.63,0.031,21.671,0.025,0.0252,0.0247,-0.2298,-0.0029,0.1678,0.0264,-0.3185,0.0988,-0.1821,-0.1306,275,0,273,2,9.6001,530.8,0.166,10.598,31,FALSE,1.312,,,,,,,,31,24,0.043753,174,0.01715,127.9,0,0,1.441,0,1479,34728.46731,5.03883,6892.17,14.335652,0.00276,162,8378.76,6.90161,1214.03,15.530592,0.00293,164,39952.3,11.1643,3578.57,13.24404,0.003792,1.392,0,107,0,0,0,2.286551,1.19494,1.091612,0.45,1.43,2,132,28,16,31.76,,,1010.854,,3700,4.5,-0.5,222,,,,12.740437,0.026815,106,,NOT_AVAILABLE,0,0,0.996487,,,,,,,,,,,,,,,,,,,,,,,89.25930397,-66.87466985,0.499645,0.40072,-0.128,0.231801
SSTSL2 J003432.94-722449.4,0,0,8.63729,-72.413743,304.723953,-44.655697,1,0,6,1,1,4,1,1,2,2,2,0,0,0,0,0,0,11910,9.547,8280,8.81,,,3241,13.33,378.6,72.8,0,0,0,0,0,0.95,1.02,0.92,0,0,1123,854.8,274,277.6,5.2,0,0,0,0,N,1,0.7913,1.091,3.499,4.766,52.1,40045991,40045991-194,0,0,3.34,3.93,3.68,3.92,34.56,1302406509,1,8.637206,-72.41376,24980,483.2,27930,565.8,22470,517.4,Gaia DR3 4689175650887918592,8.637335927,-72.41369918,0,0,137,1.63615E+018,4.68918E+018,598154386,0.0294,0.0298,13.314,0.0321,415.0796,5.599,0.875,0.039,5.53,0.039,-0.1863,0.1017,-0.2364,0.0006,-0.0482,0.0064,-0.0886,-0.1406,0.0335,-0.1674,363,0,354,9,17.5691,1054.6,0.301,23.567,31,FALSE,1.258,,,,,,,,42,27,0.058152,52,0.01953,67.85,0,0,1.733,0,414,20053.7228,13.5931,1475.29,14.931879,0.002852,49,3400.74,9.0313,376.551,16.509607,0.004012,49,26123.5,26.0239,1003.83,13.705315,0.003931,1.472,0,1,0,0,0,2.804293,1.577728,1.226564,1.13,4.06,2,21,1,18,8.5036,,,906.448,,3500,4.5,0.25,101,,,,13.077305,0.054892,22,,NOT_AVAILABLE,0,0,0.998613,,,,,,,,,,,,,,,,,,,,,,,8.637323061,-72.41372376,0.625348,0.624042,-0.1652,0.16548
SSTSL2 J021602.14-750643.9,0,0,34.008952,-75.112204,295.893793,-40.839066,1,0,7,1,1,1,1,1,2,2,2,0,0,0,0,0,0,21100,12.64,13630,11.17,9172,20.25,4825,13.99,440.8,69.97,0,0,0,0,0,1.02,0.98,1.02,0,0,1495.9,1097.6,394.1,369.7,6.3,2,0,0,0,N,1,0.7776,1.076,3.5,4.637,51.47,40045991,40045991-48,0,0,4.09,3.97,4.3,4.11,35.25,133906716,1,34.0093,-75.11216,82720,1981,73590,1762,49290,953.4,Gaia DR3 4637271825804810240,34.00885163,-75.11223881,0,0,83,1.63615E+018,4.63727E+018,1713395799,0.01,0.0088,4.2916,0.0104,414.6079,34.607,-25.957,0.014,-22.889,0.011,0.0311,0.0178,0.0355,-0.1076,-0.1134,-0.1135,0.1042,-0.0437,-0.3345,0.1043,298,298,298,0,-4.647,455.79,0.058,4.6662,31,TRUE,1.545,,,,,,,,34,26,0.01947,40,0.006639,123.8,0,0,0.813,0,346,362232.597,48.8146,7420.58,11.789898,0.002759,40,190580,99.7125,1911.3,12.138348,0.002847,36,245097,72.6261,3374.78,11.274549,0.003793,1.203,0,0,0,0,0,0.863799,0.34845,0.515349,-10.3,0.81,1,19,4,17,35.179,1.3662,0.062646,910.521,11.98,5250,4,0.25,444,9.147,11.6451,12,11.08054,0.011509,13,36.85274,NOT_AVAILABLE,0,0,0.999389,5681.9,5651.5,5720.8,4.4463,4.4244,4.4734,-0.1125,-0.1435,-0.0711,229.6481,228.7677,230.6592,0.1079,0.0898,0.1325,0.0901,0.0749,0.1107,0.0482,0.0401,0.0592,MARCS,34.00930064,-75.11213708,0.22247,0.182826,0.1151,0.155943
SSTSL2 J221938.06+593133.9,0,1,334.908616,59.526092,104.745962,2.125269,1,0,7,1,1,1,1,1,2,2,2,0,0,0,0,0,0,20610,11.69,13410,13.07,8632,18.39,4822,14.23,655.8,115.1,0,0,0,0,0,1.05,0.95,1.02,0,0,1600.2,915.2,414.1,375.7,5.7,2,0,0,0,N,1,1.006,1.224,3.885,5.935,76.67,30002711,30002711-31933,0,0,6.33,5.76,6.14,5.56,12.6,1187160064,1,334.9086,59.52612,81810,1658,71380,1972,48800,943.8,Gaia DR3 2201187373618796928,334.9082811,59.52606498,0,0,118,1.63615E+018,2.20119E+018,1644818129,0.0095,0.0087,4.3012,0.0104,413.4201,40.976,-39.477,0.013,-10.98,0.011,-0.1279,0.0817,-0.0206,-0.2289,0.0805,-0.2613,-0.0083,-0.2413,0.0834,-0.147,378,378,376,2,-4.5577,600.03,0.06,4.961,31,TRUE,1.543,,,,,,,,43,26,0.018077,50,0.03392,28.14,0,0,0.837,0,395,356595.0859,47.6658,7481.15,11.806929,0.002759,48,186680,101.135,1845.85,12.160797,0.002851,47,241858,85.4826,2829.32,11.288995,0.003799,1.202,0,0,0,0,0,0.871802,0.353868,0.517934,-55.63,0.6,1,22,6,18,39.876,0.32199,0.25437,990.39,8.31,5500,4.5,0.25,444,7.5393,9.9388,15,11.088076,0.010135,16,,NOT_AVAILABLE,0,0,0.999591,5654.9,5617.2,5769,4.4483,4.3953,4.4669,-0.0015,-0.0471,0.1112,230.462,228.6037,262.2374,0.1045,0.0809,0.182,0.0871,0.0673,0.152,0.0464,0.0359,0.081,MARCS,334.9086271,59.52611378,0.202024,0.170309,-0.1227,0.619135
SSTSL2 J053641.20-011055.7,0,0,84.171677,-1.182165,205.252122,-17.128103,1,0,7,1,1,1,1,1,2,2,2,0,0,0,0,0,0,14040,15.59,8912,10.87,6242,22.73,3467,20.41,546.3,68.28,0,0,0,0,0,0.95,1.02,1.02,0,0,790.8,759.4,262.7,207.8,8,0,0,0,0,N,1,1.078,1.457,6.272,7.532,41.34,40043571,40043571-12,0,0,2.86,2.04,3.04,3.06,11.04,1194856498,1,84.17154,-1.182048,30960,598.8,35740,954.7,28950,506.6,Gaia DR3 3217589631862588416,84.17164205,-1.181987489,0,0,126,1.63615E+018,3.21759E+018,696204639,0.0176,0.0155,8.0349,0.0195,412.6697,30.514,24.638,0.021,18.001,0.018,-0.3937,0.0809,-0.3696,0.4491,-0.0797,0.4291,-0.7024,0.2315,0.1428,-0.3727,381,0,380,1,3.3172,446.73,0.046,1.0602,31,FALSE,1.324,,,,,,,,43,20,0.034731,45,0.004987,119.2,0,0,1.123,0,364,40111.81746,12.7168,3154.24,14.179186,0.002777,39,10360.9,18.7651,552.134,15.300053,0.003413,41,44558.9,33.0106,1349.84,13.125559,0.003864,1.369,0,2,0,0,0,2.174494,1.120867,1.053627,53.95,1.95,2,22,3,17,13.775,,,923.706,,3800,4.5,-0.25,101,,,,12.624913,0.05961,19,,VARIABLE,0,0,0.997667,,,,,,,,,,,,,,,,,,,,,,,84.17153252,-1.182067495,0.342427,0.292256,-0.3969,0.651304
SSTSL2 J105422.60-590637.9,0,0,163.594181,-59.110553,288.396632,0.41719,1,0,7,1,1,1,1,1,2,2,0,0,0,0,0,0,0,91850,107.5,61330,98.1,39220,180.5,21420,97.34,2490,132.4,0,0,0,0,0,1.05,1.05,0,0,0,773.5,575.4,197.2,217.2,18.8,0,0,0,0,N,1,9.835,11.36,35.42,23.95,80.74,30002561,30002561-29416,0,0,3.17,2.12,2,2.06,12.32,786166269,1,163.5941,-59.11052,410800,8702,315100,6674,218600,4026,Gaia DR3 5338809898491798656,163.5942916,-59.11053961,0,0,52,1.63615E+018,5.33881E+018,945509221,0.0096,0.0093,4.7027,0.0114,411.2133,19.465,19.461,0.012,-0.404,0.011,0.1085,-0.0466,-0.1892,0.131,0.1516,0.1575,-0.084,0.1116,-0.0193,0.1671,410,410,403,7,-4.7702,631.24,0.063,4.6104,31,TRUE,1.603,,,,,,,,47,28,0.017272,54,0.02115,131.8,0,0,0.835,1,429,2299768.562,397.116,5791.18,9.783156,0.002762,50,1345040,380.691,3533.14,10.016708,0.002807,49,1390890,273.481,5085.86,9.389664,0.003785,1.19,0,0,0,0,0,0.627045,0.233552,0.393493,11.55,0.31,1,10,7,10,81.174,-1.0053,0.830419,912.406,1.96,7000,4.5,0,555,,,,9.233603,0.012642,3,,NOT_AVAILABLE,0,0,0.998856,6548.8,6542.5,6554.7,3.9908,3.9883,3.9933,-0.7851,-0.791,-0.78,211.9036,211.3852,212.3602,0.1608,0.1571,0.164,0.1405,0.1373,0.1434,0.0762,0.0744,0.0777,A,163.5941231,-59.11053782,0.192277,0.175799,0.1499,0.210047
SSTSL2 J172435.04+591212.6,0,0,261.146004,59.203525,87.884486,34.074223,1,0,7,1,1,1,1,1,2,2,2,0,0,0,0,0,0,12100,7.98,7498,7.022,4697,13.62,2774,11.04,259,34.53,0,0,0,0,0,0.95,0.98,0.98,0,0,1352.9,974.3,326,294.2,7.5,0,0,0,0,N,1,0.7029,1.022,3.952,4.317,23.29,60095751,60095751-22,1,1,8.72,5.98,6.74,5.8,30.7,1051826071,1,261.146,59.20358,35190,745.4,39080,935.9,27850,564.3,Gaia DR3 1434043851618766720,261.146145,59.20338109,0,0,93,1.63615E+018,1.43404E+018,360697858,0.0117,0.0105,4.51,0.011,411.1675,46.853,16.201,0.017,-43.963,0.014,-0.0104,-0.0847,0.0781,0.1721,0.0259,0.1919,-0.0922,0.0357,-0.1006,-0.0658,245,0,244,1,0.1021,240.93,0,0,31,FALSE,1.437,,,,,,,,28,20,0.024226,36,0.01188,4.008,0,0,1.003,0,287,92488.72665,20.3967,4534.5,13.272145,0.002766,34,37496.1,38.1131,983.81,13.903578,0.003,33,78172.5,50.7485,1540.39,12.51526,0.003845,1.251,0,5,0,0,0,1.388318,0.631433,0.756886,-2.61,1.25,2,16,2,15,14.842,,,846.529,,4500,4,0.75,111,,,,12.242937,0.026517,14,,NOT_AVAILABLE,0,0,0.999924,4597.1,4576.3,4608.7,4.5662,4.5599,4.5708,0.47,0.3875,0.5203,219.7662,217.4182,221.1637,0.2113,0.1952,0.224,0.1612,0.1488,0.1709,0.084,0.0777,0.0891,MARCS,261.1460044,59.20357648,0.27717,0.228347,-0.0818,0.579632
SSTSL2 J142245.07-795143.6,0,0,215.68783,-79.86213,307.043204,-17.726979,1,0,7,1,1,1,1,1,2,2,0,0,0,0,0,0,0,11080,7.89,6958,9.578,4673,13.5,2568,12.66,322.9,56.65,0,0,0,0,0,1.02,0.98,0,0,0,1287,662.4,321.9,238.6,5.7,3,2,0,0,N,1,0.7117,0.9911,3.009,4.437,33.65,40045630,40045630-0,0,0,5.03,4.56,4.21,4.78,31.37,1212448662,1,215.6874,-79.86211,31650,758,33450,708.6,25370,560.9,Gaia DR3 5785045146392267008,215.6874801,-79.86219111,0,0,73,1.63615E+018,5.78505E+018,1332356724,0.0095,0.0094,4.5669,0.0111,411.081,16.871,0.697,0.012,-16.857,0.013,0.0112,-0.1443,-0.1185,-0.0128,-0.0724,0.0079,0.0483,-0.0717,0.129,-0.0228,376,9,376,0,1.6567,408.75,0,0,31,TRUE,1.426,,,,,,,,43,28,0.018645,47,0.01182,83.75,0,0,1.061,0,407,73376.52786,18.4049,3986.8,13.523474,0.002769,42,28870,31.4582,917.723,14.187427,0.003031,41,63419.6,38.8323,1633.17,12.742336,0.003837,1.258,0,0,0,0,0,1.44509,0.663953,0.781137,32.29,1.34,2,23,3,18,15.22,,,863.563,,4250,3,0,111,,,,12.439657,0.033922,20,,VARIABLE,0,0,0.999906,4620.7,4612.6,4629.3,4.6018,4.5989,4.6063,0.3343,0.3204,0.3489,216.623,215.7725,217.21,0.4356,0.4257,0.4447,0.3313,0.3237,0.3383,0.1734,0.1694,0.1771,MARCS,215.6874625,-79.8621162,0.193641,0.214907,-0.0223,0.312361
SSTSL2 J081753.70-400507.4,0,0,124.473772,-40.085401,257.538887,-2.45306,1,0,7,1,1,1,1,1,0,0,0,0,0,0,0,0,0,29630,69.83,18570,47.99,11330,105.3,6775,65.03,721.7,36.82,0,0,0,0,0,0,0,0,0,0,359.9,355.7,108.1,107.5,19.6,0,0,0,0,P,1,9.097,10.77,34.18,22.58,34.47,30002651,30002651-25750,0,0,2.93,3.09,3.22,2.93,39.7,290052731,1,124.4739,-40.08537,93840,2852,79510,3295,63800,1234,Gaia DR3 5539675618976943488,124.4737539,-40.08529631,0,0,23,1.63615E+018,5.53968E+018,359183770,0.0092,0.0105,4.7682,0.0116,409.9223,40.927,-37.425,0.013,16.565,0.013,0.1396,0.0523,-0.1481,0.0765,0.2434,0.1059,-0.1892,0.0883,-0.0726,0.1214,396,396,395,1,-1.6344,917.36,0.084,10.968,31,TRUE,1.549,,,,,,,,45,28,0.019046,48,0.005768,138.9,1,0,0.941,0,374,399595.6388,61.3003,6518.66,11.683315,0.00276,40,213040,207.584,1026.29,12.017387,0.002984,41,270031,284.602,948.803,11.169362,0.003949,1.209,0,0,0,2,0,0.848025,0.334072,0.513953,57.46,0.74,1,21,13,17,41.034,0.26652,0.719049,860.55,6.01,5500,4,-0.25,111,,,,10.984841,0.016616,8,,NOT_AVAILABLE,0,0,0.999739,5628,5623.5,5642.3,4.4475,4.445,4.4551,-0.2869,-0.2921,-0.2653,207.0092,206.4391,207.8136,0.0526,0.0493,0.0603,0.0439,0.0411,0.0503,0.0236,0.0221,0.027,MARCS,124.4739713,-40.08536993,0.202926,0.214305,0.111,0.380183
SSTSL2 J223811.81+584830.6,0,1,339.549219,58.808516,106.407751,0.278941,1,0,7,1,1,1,1,1,2,2,0,0,0,0,0,0,0,11120,12.14,6722,6.956,4564,15.03,2681,11.63,394.3,44.31,0,0,0,0,0,0.95,0.95,0,0,0,822.8,885.3,295.5,263.6,8.9,3,3,0,0,N,1,0.9731,1.193,3.839,5.843,44.23,30002711,30002711-29052,0,0,3.41,7.27,3.93,8.16,52.71,757895585,1,339.5489,58.80851,27420,555.5,31480,869.8,24870,503.8,Gaia DR3 2008357463881120256,339.5493849,58.8084932,0,0,140,1.63615E+018,2.00836E+018,467321903,0.01,0.0103,4.9972,0.0122,409.5519,53.179,52.074,0.013,-10.782,0.012,-0.1252,0.1636,-0.0513,-0.13,0.1213,-0.176,-0.0172,-0.2114,0.0725,-0.2066,458,9,456,2,1.0052,460.19,0,0,31,FALSE,1.391,,,,,,,,52,28,0.019491,56,0.007987,55.22,0,0,1.033,0,459,55460.4712,9.98255,5555.74,13.827408,0.002762,49,19296.4,14.0867,1369.83,14.624852,0.002901,49,51964.9,28.5382,1820.89,12.958621,0.003826,1.285,0,2,0,0,0,1.666231,0.797444,0.868787,-1.6,1.6,2,21,4,16,13.192,,,912.833,,4000,2,0,111,,,,12.530935,0.035637,17,,NOT_AVAILABLE,0,0,0.99964,4465.9,4415.7,4471.7,4.6407,4.6345,4.6451,0.7273,0.5257,0.7483,196.8614,192.7116,197.7544,0.6428,0.6145,0.6494,0.475,0.4539,0.4799,0.251,0.2401,0.2535,MARCS,339.548938,58.80854112,0.210117,0.196927,-0.1904,0.319964
SSTSL2 J172021.28+602012.8,0,0,260.088667,60.336906,89.300569,34.52066,1,0,7,1,1,1,1,1,2,2,2,0,0,0,0,0,0,14990,9.658,9863,8.444,6554,16.58,3550,10.73,387.3,11.63,0,0,0,0,0,0.95,0.98,1.02,0,0,1396.4,1056.7,364.8,354.7,33.3,0,0,0,0,P,2,0.7219,1.048,3.95,4.718,13.38,60095751,60095751-44,1,1,4.59,5.96,5.07,7.19,200.75,689179320,1,260.0887,60.33693,57280,1213,52190,1009,36950,680.6,Gaia DR3 1437405604124574976,260.088827,60.33677409,0,0,60,1.63615E+018,1.43741E+018,765983741,0.0104,0.0102,4.179,0.0102,408.9177,26.288,16.313,0.015,-20.614,0.013,0.0295,-0.157,0.3141,0.1015,0.2458,0.0737,-0.1504,-0.1,-0.0822,0.0701,323,323,319,4,1.6037,555.66,0.073,7.4559,31,TRUE,1.519,,,,,,,,37,23,0.021212,44,0.01643,174.9,0,0,1.064,0,360,224498.0065,43.3722,5176.08,12.309336,0.002763,41,112382,61.9401,1814.37,12.7118,0.002854,40,159552,59.2082,2694.75,11.740643,0.003801,1.211,0,0,0,0,0,0.971157,0.402464,0.568693,-59.93,0.58,1,22,4,17,31.771,-1.2993,0.887901,755.661,10.07,5250,3,0,111,6.7128,8.2856,12,11.528965,0.016863,18,30.71911,NOT_AVAILABLE,0,0,0.999813,5272.3,5267.8,5277.8,4.4779,4.4752,4.4829,0.065,0.0601,0.0707,237.7462,237.0169,238.4715,0.028,0.0241,0.0324,0.0228,0.0196,0.0263,0.0121,0.0104,0.014,MARCS,260.0886805,60.33686571,0.236623,0.2093,0.0624,0.553913
SSTSL2 J022820.75-741838.8,0,0,37.086465,-74.310793,294.45312,-41.183163,1,0,7,1,1,1,1,1,2,2,2,0,0,0,0,0,0,15240,10.39,9827,9.081,6462,16.93,3620,14.72,434.9,83.63,0,0,0,0,0,0.95,0.95,0.98,0,0,1333.3,988.5,344.6,252.6,5.2,0,0,0,0,N,1,0.7061,0.9735,3.097,4.197,72.53,40045991,40045991-68,0,0,2.89,3.83,3.96,4.08,28.78,133973703,1,37.08649,-74.31081,47510,1138,49110,1131,34290,663.3,Gaia DR3 4643327287311475712,37.08663847,-74.31077127,0,0,86,1.63615E+018,4.64333E+018,726529606,0.0135,0.0108,5.1805,0.0127,407.3998,15.263,11.023,0.019,10.558,0.014,0.0283,0.0084,-0.1916,-0.0664,-0.0542,-0.0487,0.0211,0.0699,-0.1977,0.1306,321,279,320,1,6.3131,771.24,0.103,12.314,31,TRUE,1.472,,,,,,,,37,26,0.027141,44,0.01272,81.69,0,0,1.261,0,376,141633.929,32.7304,4327.3,12.809448,0.002767,41,63503.6,32.6509,1944.93,13.331546,0.002845,42,111463,38.1336,2922.96,12.130066,0.003798,1.235,0,0,0,0,0,1.20148,0.522098,0.679382,37.12,1.53,1,18,2,16,23.052,2.2629,0.421637,754.14,11.56,4750,3.5,-0.25,111,,,,11.883642,0.019407,16,,NOT_AVAILABLE,0,0,0.999442,4738.8,4722.9,4766.7,4.5323,4.5221,4.5464,-0.295,-0.3128,-0.2468,197.3429,193.6197,202.8126,0.0852,0.0688,0.1121,0.0668,0.0539,0.088,0.0355,0.0286,0.0467,MARCS,37.08645731,-74.31081819,0.311871,0.231416,0.1346,0.186124
SSTSL2 J192810.10+162155.5,1,0,292.042118,16.365423,51.630745,-0.446492,1,0,7,1,1,1,1,1,2,2,0,0,1,0,0,0,0,79280,102.3,52640,125.5,32130,174.6,19020,139.2,2457,135,0,0,0,0,1.11,0.95,1.02,0,0,0,696.1,383.4,170,140.8,18.2,2,2,0,0,N,1,10.7,12.04,41.48,33,88.06,30002561,30002561-28222,0,0,3.84,2.03,2.33,1.96,16.62,332736247,1,292.0421,16.36539,329600,6679,270900,5988,190400,3331,Gaia DR3 4321718143336868352,292.0421074,16.36542194,0,0,40,1.63615E+018,4.32172E+018,476590292,0.0125,0.0129,7.0543,0.0173,407.2564,6.427,0.92,0.017,6.361,0.015,0.2005,-0.1543,0.2473,-0.0876,-0.274,-0.0535,0.0799,-0.1914,-0.1517,0.102,361,361,357,4,0.8026,901.24,0.107,13.186,31,TRUE,1.566,,,,,,,,41,20,0.023698,42,0.01038,44.71,0,0,1.029,0,334,1634156.101,465.719,3508.89,10.154133,0.002773,39,892229,364.34,2448.89,10.462351,0.002825,39,1059770,368.526,2875.69,9.684869,0.003798,1.194,4,35,4,35,0,0.777482,0.308218,0.469264,-31.83,0.21,1,16,4,12,97.687,-0.27495,0.484563,868.643,1.58,5750,4.5,0,444,5.3882,3.8099,10,9.511136,0.007005,10,,NOT_AVAILABLE,0,0,0.997667,5823.9,5802.7,5900.4,4.3659,4.3625,4.3863,-0.0472,-0.0701,0.036,141.1725,140.6954,141.8476,0.0165,0.0022,0.0607,0.0139,0.0018,0.0512,0.0075,0.001,0.0274,MARCS,292.0421032,16.36539367,0.261848,0.238364,0.111,0.036739
SSTSL2 J015127.66-734814.6,0,0,27.865276,-73.804057,297.296073,-42.661103,1,0,7,1,1,1,1,1,2,2,2,0,0,0,0,0,0,16300,10.61,10150,9.452,7096,20.93,3852,12.66,408.9,77.15,0,0,0,0,0,1.02,1.05,1.05,0,0,1358.5,967.4,277.3,322.2,5.3,0,0,0,0,P,1,0.7658,1.057,3.472,4.248,52.09,40045991,40045991-117,0,0,5.11,4.95,5.26,4.18,30.41,1322044237,1,27.86501,-73.80409,53110,1321,51140,989.2,37390,688.8,Gaia DR3 4638476551248280192,27.86565565,-73.80397807,0,0,71,1.63615E+018,4.63848E+018,1770845484,0.0113,0.01,4.8422,0.0119,406.8199,42.192,32.851,0.015,26.475,0.013,0.1038,0.1525,-0.041,-0.067,-0.1926,-0.0202,0.0877,-0.0156,-0.2798,0.1756,313,313,313,0,3.285,578.23,0.078,7.3176,31,TRUE,1.47,,,,,,,,36,25,0.021889,40,0.01248,104,0,0,1.134,0,344,160147.6215,45.7767,3498.45,12.676065,0.002773,38,71431.9,75.4164,947.167,13.203812,0.003016,40,125645,76.8948,1633.98,12.000034,0.003837,1.231,0,3,0,0,0,1.203777,0.527746,0.676031,3.5,1.08,1,17,3,15,18.046,0.20142,0.258035,872.973,14.03,4750,4,0.5,111,,,,11.758143,0.022445,14,,VARIABLE,0,0,0.999884,4877.8,4854.2,4922.9,4.5903,4.5765,4.6095,0.5345,0.4917,0.5813,203.4743,201.5708,205.0953,0.1123,0.092,0.1541,0.088,0.072,0.1209,0.0457,0.0374,0.0628,MARCS,27.86513219,-73.80409574,0.244859,0.211646,0.1799,0.475463
SSTSL2 J020213.20-750648.8,0,0,30.555031,-75.11358,296.976135,-41.185783,1,0,7,1,1,1,1,1,2,2,2,0,0,0,0,0,0,13040,10.51,9218,9.373,5984,17.03,3335,13.48,442.6,83.51,0,0,0,0,0,1.02,1.02,0.95,0,0,1122.7,886,310.2,249.3,5.3,0,0,0,0,N,1,0.7821,1.083,3.52,5.396,51.98,40045991,40045991-50,0,0,1.9,5.1,4.44,5.1,21.36,133817792,1,30.5545,-75.11363,52580,1259,46430,898,33510,709.9,Gaia DR3 4637368724562903552,30.55517178,-75.11354408,0,0,113,1.63615E+018,4.63737E+018,1746371215,0.01,0.0091,4.1044,0.0101,406.4355,43.363,38.197,0.011,20.528,0.011,-0.0959,0.2348,-0.2666,-0.0939,-0.1541,-0.0426,-0.0013,0.0085,-0.2151,-0.0712,322,322,320,2,0.7168,504.31,0.059,4.5525,31,TRUE,1.522,,,,,,,,37,25,0.016215,42,0.01638,74.13,0,0,1.028,0,359,205152.4675,39.2032,5233.06,12.407175,0.002763,41,103302,68.1919,1514.88,12.803266,0.002881,40,145392,44.1301,3294.63,11.841541,0.003794,1.212,0,0,0,0,0,0.961724,0.396091,0.565634,18.59,1.08,1,23,1,17,30.109,1.9245,0.194052,973.899,11.98,5250,3.5,0,111,,,,11.641093,0.01954,22,30.07859,NOT_AVAILABLE,0,0,0.999858,5471.1,5465.2,5477,4.5722,4.5672,4.5763,-0.0218,-0.0279,-0.0156,241.0931,240.5149,241.6938,0.174,0.1698,0.178,0.1429,0.1394,0.1462,0.0761,0.0742,0.0779,MARCS,30.55451097,-75.11363531,0.179019,0.183439,-0.0629,0.183517
SSTSL2 J122133.30-792458.8,0,0,185.388789,-79.416348,301.503796,-16.627553,1,0,7,1,1,1,1,1,2,2,2,0,0,0,0,0,0,14900,13.79,10110,12.35,7107,17.09,3682,13.16,529.8,101.9,0,0,0,0,0,1.02,1.02,0.98,0,0,948.5,717.8,371,310.8,5.2,0,0,0,0,N,1,0.8033,1.059,3.448,4.574,60.37,40009401,40009401-41,0,0,4.06,4.13,3.94,3.75,16.25,841763220,1,185.3891,-79.4164,28970,720.5,32660,782.1,27140,574.9,Gaia DR3 5787523239442146304,185.3900477,-79.41633935,0,0,81,1.63615E+018,5.78752E+018,661296623,0.0177,0.0162,7.9512,0.0197,403.0426,55.336,51.167,0.022,21.072,0.021,0.0312,-0.2178,-0.3116,-0.063,0.0161,0.0102,-0.0447,0.2208,0.2668,0.1434,373,0,372,1,5.9099,538.86,0.098,3.2052,31,FALSE,1.282,,,,,,,,43,27,0.033098,55,0.003928,120.4,0,0,1.225,0,447,25767.27303,15.3433,1679.39,14.659696,0.00283,53,5419.99,37.7593,143.541,16.003546,0.008062,53,33461.5,202.157,165.523,13.436531,0.00757,1.509,4,34,6,33,0,2.567015,1.34385,1.223165,44.37,5.74,2,12,9,11,8.7807,,,942.72,,3500,4.5,0,101,,,,12.8372,0.040066,5,,NOT_AVAILABLE,0,0,0.000001,3547.7,3547,3548,4.5568,4.5536,4.5601,-0.1729,-0.1839,-0.1624,124.94,124.6095,125.2822,0.8879,0.8836,0.8923,0.5854,0.5825,0.5884,0.3633,0.3616,0.3651,MARCS,185.3888095,-79.416433,0.360058,0.343829,0.1433,0.832858
SSTSL2 J011141.91-743432.3,0,0,17.924637,-74.57564,301.107342,-42.480758,1,0,7,1,1,1,1,1,2,2,2,0,0,0,0,0,0,18460,14.26,11610,9.742,7593,17.15,4088,14.03,462.1,81.07,0,0,0,0,0,1.02,1.02,0.98,0,0,1148,1079.5,385.8,320,5.7,0,0,0,0,N,1,0.7745,0.9875,3.331,3.894,49.45,40045991,40045991-100,0,0,5.99,4.06,5.9,3.33,29.27,52610893,1,17.92428,-74.57563,64390,1542,59370,1203,42150,892.9,Gaia DR3 4686087496379314304,17.92511219,-74.57564513,0,0,116,1.63615E+018,4.68609E+018,1368848627,0.0114,0.0093,4.2789,0.0107,400.8072,50.917,50.898,0.014,1.372,0.012,-0.2784,0.1874,-0.329,0.0883,-0.0666,0.1399,0.0568,-0.0119,-0.1342,-0.2118,336,336,335,1,1.1792,606.09,0.072,7.5667,31,TRUE,1.514,,,,,,,,38,26,0.020647,44,0.02684,102.7,0,0,1.045,0,374,253945.9415,43.9161,5782.53,12.175513,0.002762,43,125427,70.4842,1779.5,12.592568,0.002856,43,182459,62.8774,2901.82,11.594983,0.003798,1.212,0,21,0,21,0,0.997585,0.417055,0.58053,13.08,0.45,1,23,3,20,32.741,-1.1267,0.795846,946.404,7.15,5000,3.5,0.25,444,5.9918,6.1083,17,11.37624,0.013234,20,34.72246,NOT_AVAILABLE,0,0,0.999772,5282.5,5273.5,5290.2,4.4795,4.4775,4.4816,0.1512,0.1409,0.1588,232.8019,232.1873,233.3602,0.0894,0.083,0.0947,0.0727,0.0674,0.077,0.0384,0.0356,0.0407,MARCS,17.92426164,-74.57565123,0.229037,0.183851,-0.2205,0.455355
SSTSL2 J160914.51+532643.8,0,0,242.310466,53.445518,82.881165,45.306735,1,0,7,1,1,1,1,1,2,2,2,0,0,0,0,0,0,7458,4.572,5351,4.284,3697,9.886,2019,8.692,245.5,47.2,0,0,0,0,0,1.05,1.05,0.98,0,0,1466.1,1152.7,380,286.2,5.2,2,0,0,0,N,1,0.34,0.5949,2.861,3.165,27.05,60095791,60095791-15,1,1,4.09,4.17,3.87,3.47,41.45,279951327,1,242.3105,53.44547,16920,389.6,19250,336.8,15040,193.9,Gaia DR3 1428060790377370624,242.3104341,53.44550573,0,0,47,1.63615E+018,1.42806E+018,1342092916,0.0203,0.02,8.2434,0.0206,399.7518,11.067,-10.797,0.028,-2.429,0.026,0.194,-0.0849,0.1027,0.1082,0.091,0.0959,-0.104,0.0017,-0.0274,0.2684,335,0,333,2,1.3574,368.36,0,0,31,FALSE,1.28,,,,,,,,39,27,0.042043,42,0.01661,22.33,0,0,1.052,0,343,15589.13571,12.3546,1261.81,15.205312,0.002887,38,3123.18,19.1383,163.19,16.60205,0.007215,40,19154.6,32.7431,584.995,14.042214,0.004211,1.429,0,11,0,2,0,2.559836,1.396739,1.163097,-21.82,5.73,2,12,2,12,5.5548,,,905.487,,3300,4,-0.5,111,,,,13.388036,0.071143,15,,NOT_AVAILABLE,0,0,0.992964,3511.3,3509,3516.6,4.7726,4.7692,4.7782,-0.0096,-0.0166,0.0135,120.035,119.5602,120.4511,0.7748,0.767,0.7831,0.5081,0.5029,0.5136,0.319,0.3158,0.3224,MARCS,242.3105147,53.44551652,0.439275,0.422052,0.2587,0.08144
SSTSL2 J162715.42+424016.3,0,0,246.814285,42.671221,67.259043,43.956097,1,0,7,1,1,1,1,1,2,2,0,0,0,0,0,0,0,10090,9.18,6459,8.177,4326,17.64,2429,13.02,266.2,43.64,0,0,0,0,0,1.02,1.02,0,0,0,1000.3,730.1,242.7,214,6.1,3,2,0,0,P,2,0.7518,1.212,4.165,5.381,26.82,60091101,60091101-7,1,1,3.08,3.83,3.05,3.74,46.55,662720601,1,246.8143,42.67137,25470,516.1,29110,563,22240,389.3,Gaia DR3 1381400437471856640,246.8142357,42.67107433,0,0,16,1.63615E+018,1.3814E+018,807539994,0.0117,0.014,5.4813,0.0138,398.4896,58.694,-13.702,0.015,-57.072,0.018,0.1181,-0.1374,-0.0505,0.0583,0.0238,0.0365,-0.3443,-0.0153,-0.0314,0.1952,389,0,388,1,4.9345,513.85,0.068,2.7424,31,FALSE,1.379,,,,,,,,44,28,0.026471,49,0.01339,3.933,0,0,1.183,0,395,45807.8034,9.50589,4818.88,14.035018,0.002765,43,15182.7,16.9514,895.657,14.885173,0.003042,39,44385.6,20.0949,2208.8,13.129789,0.003811,1.3,0,0,0,0,0,1.755383,0.850155,0.905229,-5.88,2.04,2,24,3,20,13.931,,,909.071,,4250,4.5,0.5,101,,,,12.733435,0.061844,21,,NOT_AVAILABLE,0,0,0.999245,4230,4215.7,4240.7,4.6494,4.6458,4.6513,0.2066,0.1616,0.2453,181.3784,179.564,182.5803,0.5744,0.5581,0.585,0.4182,0.4061,0.426,0.2246,0.2182,0.2287,MARCS,246.8143185,42.67132799,0.248571,0.295364,0.187,0.543896
SSTSL2 J050321.58-652202.3,0,0,75.839924,-65.367307,275.737496,-35.662361,1,0,7,1,1,1,1,1,2,2,2,0,0,0,0,0,0,12420,9.75,7695,10.6,5149,19.86,2928,14.59,504.8,81.41,0,0,0,0,0,1.05,1.02,1.05,0,0,1158.3,653.6,223.7,217.8,6.2,0,0,0,0,N,1,0.8036,1.136,3.488,4.984,53.52,40019951,40019951-446,0,0,4.2,4.08,4.3,4.08,27.72,136595748,1,75.83992,-65.3674,39590,875.2,39990,1031,28210,597.6,Gaia DR3 4663778856437919488,75.84009848,-65.36717961,0,0,176,1.63615E+018,4.66378E+018,1124077959,0.0117,0.0132,5.0659,0.0127,398.3383,55.997,20.314,0.016,52.183,0.018,-0.0173,-0.0657,-0.1615,-0.0452,0.2001,-0.023,-0.3702,0.2575,-0.2293,0.0292,378,130,378,0,1.6805,787.51,0.109,11.36,31,FALSE,1.48,,,,,,,,44,26,0.02605,100,0.01068,65.86,0,0,1.061,0,837,121546.7297,13.3564,9100.25,12.975509,0.002758,94,55330.6,22.4966,2459.5,13.48113,0.002825,92,94239.5,21.6456,4353.74,12.312312,0.003788,1.231,0,0,0,0,0,1.168818,0.505621,0.663197,34.68,1.04,2,49,5,19,31.886,,,930.135,,5000,5,0.5,444,,,,12.046872,0.022256,45,,NOT_AVAILABLE,0,0,0.999591,4812.5,4806.5,4825.5,4.6069,4.6046,4.6133,-0.2544,-0.2623,-0.232,197.3815,196.8429,197.9487,0.0835,0.0772,0.0949,0.0659,0.0609,0.075,0.0349,0.0323,0.0398,MARCS,75.83988187,-65.36741153,0.253859,0.298332,0.0315,0.528079
SSTSL2 J052202.22-651045.0,0,0,80.509286,-65.179179,275.087294,-33.77481,1,0,7,1,1,1,1,1,2,2,2,0,0,0,0,0,0,17270,11.09,11270,9.948,7142,22.72,4054,14.13,487.8,93.82,0,0,0,0,0,0.95,0.98,0.95,0,0,1408.6,1021.7,270.1,319.2,5.2,0,0,0,0,N,1,0.8056,1.136,3.51,4.847,53.11,40019951,40019951-442,0,0,2.87,3.96,3.83,3.96,20.19,183784810,1,80.50925,-65.17924,61770,1309,55310,1223,38870,751.8,Gaia DR3 4661017050718656384,80.50928107,-65.17905586,0,0,12,1.63615E+018,4.66102E+018,460402812,0.0101,0.0108,4.234,0.0107,396.266,27.957,-3.793,0.013,27.699,0.015,0.0309,0.0285,0.1481,-0.1601,0.3011,-0.0737,-0.2235,0.1934,-0.1585,-0.0029,361,361,360,1,2.7424,693.48,0.083,9.3818,31,TRUE,1.527,,,,,,,,41,26,0.020678,78,0.0066,63.39,0,0,1.104,0,668,234125.6726,34.2966,6826.51,12.263744,0.00276,74,119087,51.3336,2319.86,12.648884,0.002829,75,165607,57.6667,2871.79,11.7002,0.003798,1.216,0,41,0,46,0,0.948684,0.385139,0.563544,25.22,0.65,1,25,7,19,33.568,-1.0304,0.804337,955.921,10.96,5250,3.5,-0.5,111,7.8456,11.574,11,11.474689,0.012518,16,32.3508,NOT_AVAILABLE,0,0,0.999849,5199.8,5198,5202.7,4.4302,4.4286,4.4321,-0.7709,-0.7764,-0.7638,235.4305,234.7869,235.987,0.0016,0.0004,0.0041,0.0013,0.0003,0.0034,0.0007,0.0001,0.0018,MARCS,80.50932123,-65.17917897,0.201148,0.238263,0.0085,0.443357
SSTSL2 J174613.55+053102.8,0,0,266.556492,5.517456,30.424341,17.008854,1,0,7,1,1,1,1,1,2,2,2,0,0,0,0,0,0,19910,13.14,12300,11.34,8810,21.03,4619,16.16,479.3,33.52,0,0,0,0,0,1.05,1.02,1.05,0,0,1368.9,978.5,368.3,311.2,14.3,2,0,0,0,N,1,0.9443,1.305,3.893,5.952,20.3,40018640,40018640-0,0,0,3.15,4.27,4.2,4.47,94.59,1142123521,1,266.5564,5.517708,44010,891.9,52820,1362,41920,810.8,Gaia DR3 4474048195087817856,266.5564678,5.5171991,0,0,52,1.63615E+018,4.47405E+018,1093605245,0.0183,0.017,8.014,0.0203,394.6126,119.107,4.529,0.021,-119.02,0.019,0.312,0.0453,-0.3553,-0.4183,-0.31,-0.4143,-0.6664,0.0291,0.1753,0.3108,372,0,371,1,10.2106,666.05,0.113,9.1674,31,FALSE,1.332,,,,,,,,43,20,0.035529,44,0.0109,57.94,1,0,1.399,0,370,59354.21064,16.1913,3665.8,13.753738,0.002771,37,16071.1,18.2077,882.653,14.823431,0.003049,37,64501.3,32.1215,2008.04,12.723974,0.003818,1.357,0,0,0,0,0,2.099457,1.069693,1.029764,-39.44,1.64,2,22,3,16,14.857,,,958.513,,5500,4.5,0,0,,,,12.311329,0.02545,19,,NOT_AVAILABLE,0,0,0.992964,3914,3891.3,3921.9,4.5788,4.57,4.5823,0.1353,0.095,0.1482,124.6603,124.1409,125.1885,0.7148,0.6858,0.729,0.4972,0.4766,0.5072,0.284,0.2724,0.2897,MARCS,266.5564476,5.517728076,0.349443,0.312213,0.3374,0.928884
SSTSL2 J012221.65-751857.8,0,0,20.590224,-75.316072,300.316187,-41.65475,1,0,7,1,1,1,1,1,2,2,2,0,0,0,0,0,0,20160,15.19,12740,11.89,8676,23.45,4651,13.46,537.1,50.67,0,0,0,0,0,1.02,0.95,1.02,0,0,1185.9,955.4,317.7,354.4,10.6,0,0,0,0,N,1,0.814,1.092,3.636,4.719,43.37,40045991,40045991-55,0,0,4.09,4.55,3.91,4.81,16.76,52677677,1,20.59047,-75.31603,78130,1727,68490,1640,46300,980.9,Gaia DR3 4637922049493322240,20.59018732,-75.3160958,0,0,114,1.63615E+018,4.63792E+018,1614314739,0.0105,0.0091,4.2119,0.0107,393.6755,21.908,-17.351,0.013,-13.376,0.011,-0.1616,0.2695,-0.1923,-0.044,-0.0946,0.0111,0.0384,-0.0255,-0.1564,-0.0818,378,378,377,1,-0.9736,836.47,0.083,11.153,31,TRUE,1.557,,,,,,,,43,29,0.018531,48,0.02818,92.47,0,0,0.964,0,412,367272.9921,63.7681,5759.51,11.774895,0.002762,48,198200,103.815,1909.17,12.095782,0.002848,46,243114,61.9551,3924.03,11.28337,0.003789,1.202,0,0,0,0,0,0.812412,0.320888,0.491525,11.9,0.74,1,20,2,18,38.67,0.042837,0.438717,946.655,10.32,6000,3.5,-0.25,222,,,,11.075728,0.010749,17,40.97885,NOT_AVAILABLE,0,0,0.999832,5791.3,5781.6,5799.3,4.4116,4.4087,4.4181,-0.4329,-0.4398,-0.4258,233.0062,231.9166,233.7474,0.0948,0.0893,0.0989,0.0799,0.0752,0.0834,0.0431,0.0406,0.045,MARCS,20.59049155,-75.31603635,0.213684,0.175341,-0.0798,0.091994
SSTSL2 J050225.98-682649.9,0,0,75.608282,-68.447197,279.430949,-35.016106,1,0,7,1,1,1,1,1,2,2,2,0,0,0,0,0,0,20760,11.92,13630,10.39,8750,18.41,5002,11.71,539,78.12,0,0,0,0,0,0.98,1.05,0.98,0,0,1563.6,1167.3,411.2,427.9,6.9,2,0,0,0,N,1,0.8763,1.158,3.457,4.918,53.11,40019951,40019951-278,0,0,5.93,8.46,5.97,7.82,31.44,120416220,1,75.60838,-68.44714,81730,1581,73930,1634,48750,943,Gaia DR3 4661336630643134720,75.60802901,-68.44728866,0,0,111,1.63615E+018,4.66134E+018,557727812,0.0122,0.0112,4.5078,0.0115,391.8042,41.941,-31.97,0.015,-27.148,0.015,-0.0763,0.0337,0.1874,-0.1476,0.166,-0.149,-0.2567,0.1017,-0.2033,-0.0231,337,337,337,0,-4.9788,558.37,0.078,5.6698,31,TRUE,1.562,,,,,,,,38,25,0.021569,40,0.009019,165.3,0,0,0.812,0,345,381972.8617,62.4952,6112.04,11.732285,0.002761,38,207114,151.461,1367.44,12.048018,0.002901,37,251365,78.421,3205.32,11.247135,0.003795,1.2,0,0,0,0,0,0.800883,0.315733,0.48515,76.02,0.77,1,16,7,16,33.794,0.11207,0.67945,980.336,6.97,5750,4.5,-0.75,101,,,,11.043887,0.013741,9,33.68782,NOT_AVAILABLE,0,0,0.99968,5675.6,5674.4,5677.1,4.4602,4.4585,4.4621,-0.6642,-0.6701,-0.6581,220.0941,219.5302,220.6645,0.0004,0.0001,0.0014,0.0004,0,0.0012,0.0002,0,0.0007,MARCS,75.60841579,-68.447168,0.243443,0.239169,-0.0088,0.469928
SSTSL2 J125308.98-620149.6,0,0,193.287417,-62.030445,303.132641,0.840637,1,0,7,1,1,1,1,1,2,2,2,0,1,0,0,0,0,138500,137.4,92380,149.9,59510,214.6,32980,140.2,3923,139.1,0,0,0,0,0.96,1.02,0.95,1.02,0,0,897.7,551.5,240.6,218.9,28.2,3,2,0,0,N,1,8.804,10.35,33.42,26.37,81.53,30002561,30002561-30167,0,0,4.08,1.91,4.09,1.85,10.79,950592058,1,193.2876,-62.03046,494300,12290,451200,14130,316800,6128,Gaia DR3 6055284076350672384,193.2871054,-62.03049025,0,0,25,1.63615E+018,6.05528E+018,546551931,0.0086,0.0101,5.1072,0.0131,391.1451,55.666,-55.643,0.011,1.609,0.013,0.1949,0.0448,-0.1338,0.0574,-0.1471,0.0988,0.1714,-0.0064,0.0209,0.3499,490,490,480,10,-1.5076,939.93,0.083,9.6487,31,FALSE,1.487,,,,,,,,55,27,0.020001,68,0.014,141.6,0,0,0.951,0,531,1541790.584,214.064,7202.48,10.217303,0.002759,63,712191,225.004,3165.24,10.70705,0.002811,59,1191030,139.545,8535.09,9.558085,0.003782,1.234,0,0,0,0,0,1.148965,0.489747,0.659218,24.41,0.22,1,15,6,14,98.469,0.44736,0.295026,938.136,2.29,6250,4.5,0.25,444,5.1225,2.6176,6,9.28898,0.03635,7,,NOT_AVAILABLE,0,0,0.999943,,,,,,,,,,,,,,,,,,,,,,,193.2876326,-62.0304974,0.17336,0.212917,0.3425,0.550825
SSTSL2 J050231.83+072712.9,0,1,75.632628,7.453588,192.851618,-20.156798,1,0,7,1,1,1,1,1,2,2,2,0,0,0,0,0,0,17700,17.86,11730,12.94,7540,23.17,4470,20,786.4,26.39,0,0,0,0,0,1.02,0.98,0.95,0,0,887.4,821.7,290.9,251.7,29.8,0,0,0,0,P,-2,0.964,1.384,4.558,7.064,27.17,60083900,60083900-0,1,1,4.43,4.3,4.47,3.82,210.81,884101890,1,75.63266,7.453607,41730,730.2,49890,1195,38440,778.9,Gaia DR3 3289902621835095168,75.63259631,7.453490337,0,0,100,1.63615E+018,3.2899E+018,27071101,0.017,0.0115,7.5766,0.0194,389.6754,31.289,-13.876,0.022,-28.044,0.016,-0.1481,-0.0986,-0.0986,0.2888,0.0191,0.2703,-0.1337,0.2659,0.0464,-0.2327,295,9,293,2,4.0492,370.1,0.049,1.3728,31,FALSE,1.346,,,,,,,,34,16,0.032171,34,0.01647,129.5,1,0,1.172,0,286,58865.88113,116.802,503.981,13.762708,0.003498,23,17319.2,167.173,103.6,14.742223,0.010845,23,62202.7,351.679,176.874,12.763373,0.007209,1.351,0,0,0,0,0,1.978849,0.979515,0.999334,-51.93,14.09,2,11,1,9,11.508,,,879.442,,3800,4.5,-0.5,101,,,,12.337685,0.035671,12,,NOT_AVAILABLE,0,0,0.000001,4040.4,3942.6,4048.7,4.6008,4.5613,4.6055,0.1002,-0.108,0.1242,131.6296,131.1199,132.5057,0.6621,0.5574,0.6776,0.4663,0.3909,0.4775,0.2609,0.2196,0.267,PHOENIX,75.6326585,7.453614977,0.358335,0.263448,-0.2554,0.369338
SSTSL2 J174528.89+052343.3,0,0,266.370377,5.39538,30.223114,17.119409,1,0,7,1,1,1,1,1,2,2,2,0,0,0,0,0,0,17520,12.46,12140,11.42,7921,20.67,4352,18.57,498.7,34.87,0,0,0,0,0,1.02,1.02,0.95,0,0,1226.6,936.5,335.6,267.8,14.3,2,0,0,0,N,1,0.9443,1.305,3.893,5.952,20.3,40018640,40018640-0,0,0,1.89,3.06,2.88,2.87,83.82,1140790171,1,266.3704,5.3954,57700,1222,55360,1581,39300,868.7,Gaia DR3 4473670268028615936,266.3703984,5.395439814,0,0,69,1.63615E+018,4.47367E+018,599737005,0.0104,0.0092,4.7494,0.0122,389.4341,7.044,1.403,0.012,6.903,0.01,0.1094,-0.1976,-0.3224,-0.1978,-0.206,-0.1686,-0.6059,0.0528,0.2416,0.0657,344,344,343,1,-1.9753,422.81,0.026,0.84221,31,FALSE,1.47,,,,,,,,39,21,0.017762,40,0.008861,9.301,0,0,0.924,0,341,157106.5904,71.9733,2182.85,12.696881,0.0028,38,69771.6,134.737,517.834,13.229346,0.00349,38,125444,192.581,651.385,12.001768,0.004131,1.243,0,23,0,22,0,1.227578,0.532465,0.695113,-14.79,2.17,1,18,13,12,20.15,2.9826,0.000151,802.203,32.91,4750,3,-0.5,111,,,,11.780308,0.056573,4,,VARIABLE,0,0,0.99987,5153.8,5136.5,5167,4.5235,4.517,4.5273,-0.1154,-0.1297,-0.1017,210.1113,209.4007,211.8074,0.5457,0.5318,0.5563,0.4341,0.4229,0.4427,0.2312,0.2253,0.2359,MARCS,266.3703921,5.395409132,0.196623,0.171511,0.0817,0.228554
SSTSL2 J193520.59+191411.6,1,0,293.835806,19.236581,54.969529,-0.559362,1,0,7,1,1,1,1,1,2,2,0,0,1,0,0,0,0,72130,73.2,47520,70.37,29350,116.6,15280,77.19,2363,129.8,0,0,0,0,1.11,1.05,1.02,0,0,0,894.4,629.2,225,211.9,18.2,0,0,0,0,N,1,8.817,10.27,33.55,23.08,81.78,30002561,30002561-27507,0,0,5.97,3.65,8.21,4.06,15.02,1245528971,1,293.8357,19.2366,298400,6046,241900,4901,164900,2734,Gaia DR3 1825217137834185984,293.8358694,19.23660361,0,0,33,1.63615E+018,1.82522E+018,1442801461,0.009,0.0106,5.5526,0.0143,388.9254,36.163,36.059,0.014,-2.74,0.014,0.3489,-0.1566,-0.0085,0.0206,-0.0808,-0.0171,0.0478,-0.083,-0.1639,0.0856,498,498,491,7,-3.2761,997.85,0.09,11.008,31,FALSE,1.575,,,,,,,,56,23,0.020398,59,0.01579,142.5,0,0,0.896,1,482,1497530.882,249.493,6002.28,10.248927,0.002761,53,833006,229.135,3635.44,10.536922,0.002806,50,956390,147.042,6504.22,9.796308,0.003783,1.195,0,0,0,0,0,0.740614,0.287994,0.45262,-49.23,0.2,1,31,15,17,115.64,0.51597,0.172158,922.875,3.29,5500,3.5,-0.25,444,7.9911,3.1036,12,9.63186,0.006867,12,,NOT_AVAILABLE,0,0,0.99885,5901.1,5894.6,5910.1,4.1677,4.1643,4.172,-0.2148,-0.2214,-0.2059,178.7524,178.2886,179.1646,0.006,0.0021,0.0117,0.0051,0.0018,0.0099,0.0027,0.0009,0.0054,MARCS,293.8356997,19.23661579,0.224393,0.226519,0.0863,0.230453
SSTSL2 J025613.31+202249.4,0,0,44.055484,20.380395,158.637272,-33.6999,1,0,7,1,1,1,1,1,2,2,2,0,0,0,0,0,0,21050,13.66,13090,11.83,8920,21.9,4837,20.82,643.8,99.05,0,0,0,0,0,1.02,1.02,1.02,0,0,1370.5,1011.1,359.5,272.9,6.5,0,0,0,0,N,1,0.8972,1.264,4.157,6.454,56.24,40023091,40023091-14,0,0,4.09,3.43,4.09,3.24,20.75,341231596,1,44.05541,20.38052,63390,1168,66800,1354,47510,787.7,Gaia DR3 108389998000633216,44.05562369,20.38025715,0,0,86,1.63615E+018,1.0839E+017,994862811,0.0151,0.0122,6.3991,0.0165,388.7136,71.271,47.464,0.019,-53.168,0.015,0.0277,0.098,-0.2114,0.1498,-0.1829,0.1646,0.173,0.221,-0.0632,0.1983,177,168,177,0,3.3423,340.4,0.07,5.2399,31,TRUE,1.451,,,,,,,,20,13,0.026971,22,0.1327,167.7,0,0,1.183,0,183,171935.6729,55.0707,3122.09,12.598952,0.002777,20,72484.6,71.0473,1020.23,13.187927,0.002986,20,141437,86.6928,1631.47,11.871491,0.003838,1.244,0,0,0,0,0,1.316436,0.588975,0.727461,29.14,0.95,1,9,1,8,17.725,0.33965,0.394355,776.962,6.6,4500,4.5,0,222,,,,11.598707,0.019746,8,,NOT_AVAILABLE,0,0,0.99964,4696.6,4689.3,4702.6,4.5751,4.5731,4.5773,-0.0697,-0.0778,-0.0615,155.968,155.4957,156.5763,0.1599,0.1524,0.1659,0.1232,0.1174,0.1279,0.0648,0.0617,0.0673,PHOENIX,44.05539866,20.38049345,0.302049,0.242753,0.1818,0.684477
SSTSL2 J033417.92-285925.8,0,0,53.574706,-28.9905,225.675002,-54.198757,1,0,7,1,1,1,1,1,2,2,2,0,0,0,0,0,0,7298,4.156,5072,3.946,3297,7.465,1820,8.324,303.1,50.52,0,0,0,0,0,1.02,1.02,1.02,0,0,1595.6,1190.9,416.5,270.7,6,0,0,0,0,P,1,0.336,0.5568,1.768,3.159,29.23,60095881,60095881-16,1,1,3.82,4.05,4.08,3.92,42.89,181250420,1,53.57466,-28.99049,15520,328.7,16460,379,13320,294.4,Gaia DR3 5057098767251656192,53.57481405,-28.99067715,0,0,156,1.63615E+018,5.0571E+018,1708193742,0.0143,0.0194,9.9096,0.0255,388.6833,49.814,29.542,0.018,-40.109,0.027,-0.3472,0.1163,-0.1311,0.0375,-0.0683,0.0339,-0.0953,0.059,-0.0024,-0.4281,606,0,605,1,0.9981,647.29,0,0,31,FALSE,1.273,,,,,,,,70,29,0.039998,87,0.005519,76.49,0,0,1.028,0,709,14082.85492,6.25617,2251.04,15.31564,0.002797,80,2666.86,8.66765,307.68,16.77354,0.004499,82,17529.5,18.5774,943.593,14.138473,0.003951,1.434,0,2,0,2,0,2.635068,1.4579,1.177168,7.2,4.28,2,37,3,24,9.3531,,,950.208,,3600,4.5,0.25,101,,,,13.513288,0.06017,38,,VARIABLE,0,0,0.992964,3459.4,3457.8,3460.7,4.8542,4.8469,4.8568,-0.1101,-0.1294,-0.1041,101.7114,101.4103,102.0831,0.81,0.8056,0.8153,0.5272,0.5243,0.5307,0.3336,0.3318,0.3357,MARCS,53.57466394,-28.99049889,0.298015,0.437752,-0.4267,0.72281
SSTSL2 J162904.53+423243.2,0,0,247.268893,42.545345,67.073806,43.624563,1,0,7,1,1,1,1,1,2,2,2,0,0,0,0,0,0,16240,11.51,10370,10.38,6989,22.51,3655,15.18,412.9,45.38,0,0,0,0,0,1.02,0.92,1.02,0,0,1259.6,914.1,271,279.1,9.1,0,0,0,0,P,1,0.7717,1.095,4.409,4.722,26.87,60091101,60091101-3,1,1,7.17,2.81,6.52,3.11,44.37,662763245,1,247.269,42.54529,62060,1315,53550,1036,37840,627.4,Gaia DR3 1405212968815863936,247.2688183,42.54544383,0,0,24,1.63615E+018,1.40521E+018,433519425,0.009,0.01,4.1754,0.0108,387.5049,43.9,-28.484,0.011,33.405,0.014,0.1174,-0.1519,-0.0872,-0.0159,-0.0893,-0.0276,-0.2222,-0.1384,-0.126,0.1537,369,369,368,1,3.0125,811.37,0.079,9.8656,31,TRUE,1.542,,,,,,,,43,27,0.019486,47,0.02168,45.21,0,0,1.113,0,385,269470.9484,55.9021,4820.41,12.111087,0.002765,40,140966,98.334,1433.54,12.465755,0.002891,39,183454,93.9732,1952.2,11.589075,0.00382,1.204,0,0,0,1,0,0.87668,0.354669,0.522012,-45.17,0.85,1,17,3,14,29.456,1.5369,0.044647,853.112,10.15,5250,4,0,440,9.9381,10.95,13,11.378702,0.015921,14,31.58733,NOT_AVAILABLE,0,0,0.999772,5579.3,5568.3,5597.5,4.5247,4.5179,4.5357,-0.1201,-0.131,-0.1017,236.6349,235.9408,237.4219,0.0695,0.0626,0.0806,0.0577,0.0519,0.0669,0.0308,0.0277,0.0358,MARCS,247.2689902,42.54529536,0.17268,0.222023,0.1535,0.4072
SSTSL2 J150926.32-571537.7,1,0,227.359678,-57.26048,320.771446,0.752053,1,0,7,1,1,1,1,1,2,2,2,2,1,0,0,0,0,35920,87.19,22680,67.57,14600,156.5,7426,107.9,1318,29.43,0,0,0,0,0.96,1.02,1.02,0.95,0.92,0.27,384.2,336.3,91.5,91.6,44.8,3,1,0,0,P,-1,10.95,12.56,40.62,31.62,83.88,30002561,30002561-30202,0,0,3.07,2.07,2.88,1.88,58.47,512326324,1,227.3597,-57.26047,134800,2855,120300,2771,84800,1953,Gaia DR3 5880248628445087616,227.3594905,-57.26054249,0,0,138,1.63615E+018,5.88025E+018,21768844,0.0117,0.0119,6.084,0.0158,385.7369,26.447,-23.692,0.016,-11.752,0.016,-0.1164,-0.0783,-0.015,-0.1744,-0.1071,-0.1504,0.1638,-0.0294,0.1707,-0.0635,331,331,328,3,-4.0796,812.14,0.1,11.337,31,TRUE,1.515,,,,,,,,38,20,0.023428,48,0.01271,3.544,0,0,0.843,0,398,493002.1348,354.93,1389.01,11.455245,0.002864,47,243452,481.271,505.853,11.872507,0.00352,47,355479,516.619,688.087,10.870861,0.004096,1.215,0,0,0,0,0,1.001646,0.417262,0.584384,2.56,0.52,1,24,11,15,56.833,2.2927,0.008266,802.951,9.18,5250,3,-0.25,111,12.2962,5.3127,10,10.657856,0.009901,10,,NOT_AVAILABLE,0,0,0.99982,5371.1,5295.8,5385.7,4.4654,4.4507,4.4686,-0.2105,-0.295,-0.1957,163.4457,163.0321,163.822,0.2018,0.1513,0.2124,0.165,0.1234,0.1737,0.0882,0.066,0.0929,MARCS,227.3596852,-57.26049026,0.260888,0.257248,-0.0492,0.42888
SSTSL2 J143849.35+350434.5,0,0,219.705644,35.076264,58.710755,65.768336,1,0,7,1,1,1,1,1,2,2,2,0,0,0,0,0,0,6005,2.669,4137,2.546,2764,6.135,1526,6.22,280.3,35.03,0,0,0,0,0,0.98,0.98,0.95,0,0,2072.1,1540,398.9,313.4,8,2,0,0,0,P,1,0.204,0.3475,1.126,2.009,22.48,60087831,60087831-64,1,1,8.65,8.25,8.65,7.97,85.25,969065537,1,219.7056,35.07638,12580,301.2,13490,372.7,10870,200.3,Gaia DR3 1287952257033049600,219.7056157,35.07607913,0,0,19,1.63615E+018,1.28795E+018,1093013675,0.0169,0.0221,11.5171,0.0299,385.5528,66.559,1.66,0.02,-66.538,0.031,0.2193,0.0047,0.0812,0.0711,-0.0494,0.0658,0.0089,-0.1469,0.0207,0.2594,606,0,598,8,1.5503,670.83,0.079,1.1211,31,FALSE,1.261,,,,,,,,70,31,0.044017,73,0.01111,47.06,0,0,1.045,0,594,10248.56866,4.2878,2390.17,15.660708,0.002793,69,1786.55,7.99884,223.351,17.208504,0.005605,63,13137.4,16.3532,803.356,14.45162,0.004014,1.456,0,3,0,1,0,2.756884,1.547795,1.209088,29.66,4.5,2,22,3,16,4.4082,,,949.69,,3700,4.5,0.5,101,,,,13.980849,0.097178,25,,NOT_AVAILABLE,0,0,0.992964,,,,,,,,,,,,,,,,,,,,,,,219.7056067,35.07637485,0.324217,0.498207,0.2539,0.67075
SSTSL2 J171256.67+603025.5,0,0,258.236136,60.507087,89.624225,35.412135,1,0,7,1,1,1,1,1,2,2,2,0,0,0,0,0,0,15280,9.416,10180,8.377,6608,16.39,3577,12.24,532,30.57,0,0,0,0,0,0.98,0.95,0.92,0,0,1465.3,1103.3,378.2,337.9,17.4,0,0,0,0,N,1,0.7151,1.032,3.756,3.711,19.73,60095751,60095751-46,1,1,4.44,4.72,4.59,4.79,49.85,686331850,1,258.2362,60.50708,60420,1224,53510,1133,37570,553.6,Gaia DR3 1437554764045096704,258.236234,60.50703153,0,0,5,1.63615E+018,1.43755E+018,767403308,0.0109,0.0116,4.3415,0.0113,385.2756,10.84,9.719,0.013,-4.8,0.015,0.0092,-0.1253,0.0094,0.0343,0.196,0.0186,-0.2437,0.0427,-0.0108,0.1065,283,283,282,1,3.2612,613.66,0.085,9.5038,31,TRUE,1.535,,,,,,,,33,23,0.020974,38,0.01233,175.4,0,0,1.14,0,304,253377.3807,73.6536,3440.12,12.177947,0.002773,36,131116,154.867,846.631,12.544407,0.003071,35,174904,142.975,1223.32,11.640897,0.003882,1.208,0,0,0,0,0,0.90351,0.36646,0.53705,0.82,1.04,1,16,7,13,28.436,0.47973,0.239713,881.321,11.71,5500,4.5,-0.25,111,,,,11.420507,0.027507,9,27.55227,NOT_AVAILABLE,0,0,0.999826,5528.5,5517.6,5538,4.5393,4.5286,4.5472,-0.1361,-0.145,-0.1263,229.8231,229.0931,232.601,0.0967,0.0903,0.1033,0.08,0.0747,0.0855,0.0427,0.0399,0.0457,MARCS,258.2361462,60.50705287,0.205015,0.239684,0.1024,0.264604
SSTSL2 J122250.45-632230.2,0,0,185.710244,-63.375066,299.734423,-0.680995,1,0,7,1,1,1,1,1,2,2,2,2,0,0,0,0,0,139400,119.6,91920,107.6,57550,208.4,32970,130.3,4448,136,0,0,0,0,0,0.95,0.98,1.02,0.92,0,1047.1,783.7,242.2,233.7,32.7,3,0,0,0,N,1,9.752,10.73,34.2,23.91,79.65,30002561,30002561-27997,0,0,3.84,1.97,4.1,1.84,9.83,918808752,1,185.7103,-63.37503,685500,15150,470300,14300,323000,6842,Gaia DR3 6053779566515435648,185.7100781,-63.37508738,0,0,42,1.63615E+018,6.05378E+018,1127794369,0.0104,0.0105,5.3166,0.0138,385.0997,16.108,-15.287,0.012,-5.079,0.014,0.167,-0.2193,-0.3092,0.0588,-0.016,0.1321,0.1233,0.1837,0.1075,0.3391,414,414,410,4,-7.9632,582.76,0.065,4.4739,31,TRUE,1.65,,,,,,,,47,27,0.021419,55,0.01783,93.87,0,0,0.733,0,464,4747316.274,960.327,4943.44,8.996246,0.002764,52,3007250,1648.62,1824.1,9.143119,0.002853,51,2579450,919.646,2804.83,8.719078,0.003799,1.177,0,0,0,0,0,0.424041,0.146873,0.277168,-8.29,1.44,1,13,7,12,129.69,1.2423,0.067759,988.95,12.09,7250,4,-0.25,555,,,,8.592218,0.010192,6,,NOT_AVAILABLE,0,0,0.998874,7629.7,7606.1,7656.9,4.1,4.0805,4.1164,-0.8387,-0.9032,-0.7156,188.0041,186.3805,189.9979,0.2592,0.2473,0.2723,0.2354,0.2244,0.2473,0.1264,0.1206,0.1327,A,185.7102297,-63.37506481,0.202483,0.221518,0.3261,0.278552
SSTSL2 J083823.73-525732.3,0,0,129.598905,-52.958992,270.107398,-7.05092,1,0,7,1,1,1,1,1,2,2,2,0,0,0,0,0,0,14740,11.22,9495,9.788,6314,18.76,3627,17.33,371.8,64.1,0,0,0,0,0,0.95,1.02,0.95,0,0,1174,892.4,308.6,248.9,5.8,0,0,0,0,N,1,0.9368,1.223,3.748,5.558,38.48,30002851,30002851-18565,0,0,2.87,3.05,2.88,2.95,19.7,157084333,1,129.5989,-52.95896,46300,938.2,48000,928.3,35190,745.4,Gaia DR3 5318186152694578304,129.5987336,-52.95901739,0,0,54,1.63615E+018,5.31819E+018,771770649,0.013,0.0121,5.3502,0.0139,384.5941,27.787,-24.416,0.018,-13.264,0.014,0.2204,0.2668,-0.0425,-0.0192,0.3642,0.0496,-0.1789,0.0744,-0.145,0.1636,340,178,339,1,0.371,635.94,0.101,10.485,31,FALSE,1.449,,,,,,,,39,25,0.024963,44,0.009851,157.6,0,0,1.013,0,356,124914.8156,33.468,3732.36,12.945832,0.002771,41,52523.1,48.0434,1093.24,13.537666,0.002962,41,102826,73.6735,1395.7,12.217639,0.003859,1.244,0,1,0,0,0,1.320027,0.591834,0.728193,18.41,0.81,1,21,6,17,23.432,-0.16876,0.449222,822.133,9.82,4750,4.5,0,222,13.1423,17.3571,8,11.946484,0.026284,15,,NOT_AVAILABLE,0,0,0.999781,4593.5,4544.2,4619.7,4.5803,4.5406,4.5902,0.1984,0.1238,0.2584,187.3958,186.1714,197.1464,0.0982,0.0449,0.1265,0.0755,0.0344,0.0973,0.0395,0.018,0.0509,MARCS,129.5989137,-52.95895844,0.28362,0.230023,0.1602,0.382857
SSTSL2 J052143.23-730120.7,0,0,80.430144,-73.022427,284.296981,-32.361883,1,0,7,1,1,1,1,1,2,2,2,0,0,0,0,0,0,15470,12.01,9613,12.21,6237,20.54,3534,12.18,591.9,89.68,0,0,0,0,0,1.02,1.02,1.02,0,0,1154.7,699.4,255.9,295.7,6.6,0,0,0,0,N,1,0.8397,1.178,3.606,5.009,53.32,40019951,40019951-58,0,0,6.75,7.14,7.15,7.13,18.71,177874389,1,80.42986,-73.0225,54500,1205,49980,1151,35420,717.6,Gaia DR3 4651153233134891520,80.43011341,-73.02219437,0,0,29,1.63615E+018,4.65115E+018,1480429190,0.0098,0.0108,4.0009,0.0104,384.3434,69.418,19.285,0.012,66.686,0.013,0.1526,-0.0116,-0.1065,-0.1347,0.1094,-0.0531,-0.4263,0.3526,-0.1356,-0.0128,327,320,324,3,-0.6764,452.4,0.058,3.8639,31,TRUE,1.51,,,,,,,,37,25,0.019049,42,0.02011,178.1,0,0,0.972,0,360,198329.5153,34.2598,5788.98,12.443898,0.002762,42,97386.6,70.2736,1385.82,12.867294,0.002898,41,143878,42.2488,3405.49,11.852912,0.003793,1.216,0,0,0,0,0,1.014382,0.423396,0.590986,22.46,0.63,1,19,6,14,27.685,-0.81467,0.71875,903.881,7.78,5000,3.5,0,111,,,,11.62564,0.013492,13,27.04747,NOT_AVAILABLE,0,0,0.999826,5311.3,5301,5332.2,4.5,4.4865,4.5292,0.1342,0.1226,0.152,246.8953,243.3425,248.197,0.1572,0.1491,0.1714,0.1277,0.1211,0.1394,0.0675,0.064,0.0737,MARCS,80.42981987,-73.02249075,0.200323,0.215113,-0.003,0.838096
SSTSL2 J231930.67+002758.8,0,0,349.877806,0.466336,80.49542,-54.647834,1,0,7,1,1,1,1,1,2,2,2,0,0,0,0,0,0,15660,6.218,9807,4.703,6819,16.25,3683,12.02,389.7,13.58,0,0,0,0,0,1.02,1.05,1.02,0,0,2312,2002.6,388.2,355.4,28.7,0,0,0,0,P,2,0.4405,0.4109,2.597,0,7.904,60088970,60088970-0,1,1,8.48,8.31,8.32,7.83,346.87,1104074977,1,349.8777,0.466412,38370,742.2,44920,1034,34800,737.2,Gaia DR3 2645235379392748800,349.8779563,0.466197746,0,0,89,1.63615E+018,2.64524E+018,1750054987,0.0181,0.0116,6.632,0.0174,381.0768,73.852,51.38,0.021,-53.049,0.014,0.0161,0.1436,-0.3772,-0.1096,-0.0907,-0.0816,-0.0668,0.0159,-0.27,0.0127,209,0,209,0,1.6369,224.11,0,0,31,FALSE,1.366,,,,,,,,24,13,0.030695,30,0.06411,70.51,0,0,1.08,0,251,64928.08334,21.9293,2960.78,13.656285,0.00278,27,20554.2,24.3002,845.847,14.55629,0.003071,26,64776.7,36.3097,1784,12.719348,0.003828,1.314,0,1,0,0,0,1.836942,0.900004,0.936937,-41.34,1.92,2,14,0,10,14.472,,,1028.656,,3700,4.5,-1,101,,,,12.300808,0.023505,14,15.28026,NOT_AVAILABLE,0,0,0.999245,4288.9,4252.2,4325.6,4.6553,4.6447,4.6709,0.6152,0.5051,0.7454,149.1768,148.0914,150.2844,0.7435,0.7084,0.7794,0.5377,0.5119,0.5639,0.2915,0.2777,0.3056,MARCS,349.8777279,0.466433517,0.349452,0.221973,0.0222,0.73519
SSTSL2 J084057.06-530148.1,0,0,130.237779,-53.030044,270.397785,-6.786701,1,0,7,1,1,1,1,1,2,2,2,0,0,0,0,0,0,18020,12.08,11910,10.88,7543,18.56,4314,15.94,479.9,61.52,0,0,0,0,0,0.95,1.02,0.95,0,0,1315.1,975.6,346.5,300.8,7.8,2,2,0,0,N,1,0.9281,1.219,3.697,5.538,37.12,30002851,30002851-19286,0,0,5.63,4.05,5.75,3.95,24.13,157172916,1,130.2379,-53.02998,66990,1666,56230,1502,41230,911.4,Gaia DR3 5318495940094574464,130.2377083,-53.03002063,0,0,50,1.63615E+018,5.3185E+018,1059370897,0.0086,0.0084,3.5655,0.0094,378.9337,14.282,-13.852,0.011,-3.479,0.012,0.092,0.0926,-0.0141,0.0683,0.0782,0.078,-0.049,0.129,-0.0073,0.0169,348,348,345,3,-4.0381,495.33,0.053,3.8664,31,TRUE,1.545,,,,,,,,40,26,0.016044,46,0.01153,91.98,0,0,0.848,0,366,306020.1163,55.7897,5485.24,11.972992,0.002762,42,160935,107.065,1503.15,12.321914,0.002882,40,206756,68.6758,3010.61,11.459251,0.003797,1.202,0,0,0,0,0,0.862662,0.348922,0.513741,25.58,0.58,1,11,3,11,20.839,-1.1765,0.844959,849.357,5.08,5500,3.5,0,111,,,,11.279686,0.058386,6,,NOT_AVAILABLE,0,0,0.999591,5699.1,5688.4,5719.2,4.4026,4.3956,4.4142,0.0842,0.0729,0.1065,277.5675,276.7235,278.4537,0.1047,0.0981,0.1181,0.0873,0.0818,0.0985,0.0465,0.0436,0.0525,MARCS,130.2378106,-53.03000517,0.183866,0.184992,0.0103,0.174736
SSTSL2 J192840.65+192737.1,1,0,292.169399,19.460329,54.407428,0.925966,1,0,7,1,1,1,1,1,2,2,2,0,0,0,0,0,0,175600,192.9,135100,143.4,87240,199.8,48790,122.7,5708,145.6,0,0,0,0,0.27,0.98,1.02,1.02,0,0,764,837.2,385,351,39.2,2,2,0,0,N,1,8.872,10.25,33.24,23.16,82.37,30002561,30002561-29669,0,0,2.79,4.08,4.1,4.07,12.06,1244477456,1,292.1694,19.46037,911200,24340,691200,13370,482600,10670,Gaia DR3 4515612071121351808,292.1694018,19.46023378,0,0,28,1.63615E+018,4.51561E+018,830130557,0.007,0.0095,4.9253,0.013,377.4822,30.764,-3.971,0.012,-30.507,0.013,0.4462,-0.0632,0.0827,-0.0161,0.0361,-0.0238,0.0017,-0.1424,-0.1655,0.1579,684,684,676,8,-5.6954,1086.9,0.066,6.8513,31,TRUE,1.599,,,,,,,,77,21,0.018428,82,0.02329,112.4,0,0,0.848,1,683,5073037.554,619.894,8183.71,8.924196,0.002759,76,2945970,908.936,3241.12,9.165469,0.00281,75,3099020,738.016,4199.12,8.519836,0.003788,1.192,0,0,0,0,0,0.645633,0.241273,0.40436,,,,,,,,,,,,,,,,,,,,,,,NOT_AVAILABLE,0,0,0.992964,6386.4,6383.6,6389,3.8169,3.8142,3.8193,-0.275,-0.2782,-0.2714,202.174,201.6406,202.7428,0.0959,0.0944,0.0972,0.0833,0.082,0.0845,0.0449,0.0442,0.0456,MARCS,292.1694205,19.46036937,0.192604,0.200223,0.1606,0.342926
SSTSL2 J104003.14+584847.4,0,0,160.013089,58.813189,149.445368,51.0113,1,0,7,1,1,1,1,1,2,2,2,0,0,0,0,0,0,6875,4.107,4704,3.865,3108,7.406,1729,9.225,260.6,43.43,0,0,0,0,0,0.95,0.92,1.02,0,0,1516.3,1135.8,394.6,239.3,6,0,0,0,0,N,1,0.338,0.5974,2.002,3.482,27.55,60095761,60095761-66,1,1,4.78,3.69,6.06,3.95,60.68,814685398,1,160.0132,58.81322,15120,417.8,16170,506.5,13190,243.1,Gaia DR3 855445442552267904,160.012883,58.81322767,0,0,33,1.63615E+018,8.55445E+017,665454797,0.0126,0.015,7.9665,0.0211,377.4649,46.641,-46.638,0.016,-0.461,0.02,0.3916,-0.1232,-0.2185,-0.1157,-0.1136,-0.1318,-0.2079,0.1795,0.0283,0.3697,718,0,717,1,1.7432,782.8,0,0,31,FALSE,1.309,,,,,,,,82,30,0.029974,84,0.0109,46.53,0,0,1.046,0,707,18098.10627,5.90431,3065.24,15.043284,0.002778,72,4346.84,13.5823,320.036,16.243109,0.004393,71,20734.5,16.3135,1271,13.956162,0.003875,1.386,0,2,0,1,0,2.286946,1.199824,1.087122,0.23,3.35,2,34,5,21,9.586,,,992.365,,3600,4.5,-0.25,101,,,,13.377902,0.060573,35,,VARIABLE,0,0,0.997667,,,,,,,,,,,,,,,,,,,,,,,160.0132833,58.81322972,0.26213,0.318034,0.3739,0.408405
SSTSL2 J165900.84-440033.7,1,0,254.753509,-44.00937,342.313882,-0.873895,1,0,7,1,1,1,1,1,2,2,2,0,1,0,0,0,0,175100,205.5,116100,125.5,72960,253.9,40580,122.9,4302,186.2,0,0,0,0,0.96,0.95,0.98,0.95,0,0,771.4,835.6,287.2,319.5,23.1,2,0,0,0,N,1,10.84,12.72,41.39,36.73,109.1,30002561,30002561-28082,0,0,1.79,3.98,1.9,3.85,10.96,555623670,1,254.7536,-44.0094,800200,23580,567500,29800,416100,16100,Gaia DR3 5964518498136304512,254.7535037,-44.00942792,0,0,93,1.63615E+018,5.96452E+018,978688382,0.013,0.0093,5.3908,0.0143,376.377,14.622,-11.764,0.02,-8.684,0.015,-0.0362,-0.0135,-0.2991,-0.0728,-0.0688,-0.0656,-0.6015,-0.1155,0.0851,-0.0194,417,417,412,5,-4.6708,625.47,0.063,4.6348,31,TRUE,1.601,,,,,,,,47,20,0.027655,49,0.009772,91.62,0,0,0.84,0,425,4385446.447,712.295,6156.79,9.082333,0.002761,48,2554380,718.79,3553.72,9.320329,0.002807,45,2666860,829.669,3214.36,8.682896,0.003794,1.191,0,0,0,0,0,0.637433,0.237996,0.399437,,,,,,,,,,,,,,,,,,,,,,,NOT_AVAILABLE,0,0,0.992964,6558.6,6539.3,6602.4,3.9643,3.9518,4.0067,-0.3019,-0.3226,-0.2424,183.0384,175.0867,185.0043,0.1692,0.1592,0.1895,0.1477,0.1388,0.1655,0.0797,0.0749,0.0893,MARCS,254.7535764,-44.00938932,0.319905,0.244559,-0.0133,0.208939
SSTSL2 J221139.88+574525.2,0,0,332.916207,57.757017,102.895973,1.239634,1,0,7,1,1,1,1,1,2,2,0,0,0,0,0,0,0,10130,8.763,6523,7.659,4608,15.33,2440,12.68,923.6,128.3,0,0,0,0,0,1.02,1.02,0,0,0,1043.6,766.7,273.8,215.6,7.2,2,0,0,0,N,1,1.02,1.223,3.94,5.881,75.81,30002711,30002711-30487,0,0,5.12,7.97,5.37,7.98,9.94,733590498,1,332.9161,57.757,24870,572.6,28160,726.2,21460,434.8,Gaia DR3 2198718729504707456,332.9161232,57.75697627,0,0,120,1.63615E+018,2.19872E+018,1342585356,0.0149,0.0137,6.1357,0.0163,375.6711,5.693,3.375,0.02,-4.585,0.016,-0.1502,0.0098,-0.276,-0.0368,0.3333,-0.1174,-0.2403,-0.2328,-0.0183,-0.1687,333,0,332,1,0.3772,321.81,0,0,31,FALSE,1.367,,,,,,,,39,23,0.028207,56,0.007188,87.64,0,0,1.014,0,425,41468.24921,10.6896,3879.31,14.143078,0.002769,50,13102.5,13.6579,959.338,15.045153,0.003011,48,41354,25.3469,1631.52,13.206601,0.003838,1.313,0,0,0,0,0,1.838552,0.902075,0.936477,11.1,3.14,2,18,6,15,8.3583,,,992.392,,3700,4.5,-1,101,,,,12.798712,0.062731,12,,NOT_AVAILABLE,0,0,0.998613,4101.5,4100,4110.8,4.6539,4.651,4.6606,0.0027,0,0.0135,161.2508,160.3418,161.7762,0.602,0.5988,0.6226,0.4328,0.4305,0.4478,0.2346,0.2334,0.2427,MARCS,332.916095,57.75699664,0.318363,0.257013,-0.1566,0.21779
SSTSL2 J052821.74+014100.5,0,0,82.090606,1.683492,201.572187,-17.581177,1,0,7,1,1,1,1,1,2,2,2,0,0,0,0,0,0,14760,11.62,9308,10.53,6116,20.33,3484,19.54,335.1,60.92,0,0,0,0,0,0.98,1.05,0.98,0,0,1137.1,827.5,279.4,217.7,5.5,0,0,0,0,N,1,1,1.407,5.729,7.238,37.71,40046030,40046030-0,0,0,3.96,3.13,4.06,2.92,14.07,792367422,1,82.09064,1.683512,39550,837.9,45080,913.5,31560,668.7,Gaia DR3 3222229192973815040,82.09062622,1.683475797,0,0,101,1.63615E+018,3.22223E+018,1795096169,0.0114,0.0095,5.6972,0.0152,375.3207,13.278,-8.687,0.014,-10.042,0.011,-0.0789,-0.0092,-0.2185,0.0927,-0.3202,0.1976,-0.6619,-0.0168,0.3905,-0.2797,394,0,392,2,1.3233,412.09,0,0,31,FALSE,1.411,,,,,,,,45,20,0.02145,47,0.05402,1.206,0,0,1.047,0,387,88986.44489,13.9677,6370.89,13.314057,0.002761,44,33321.6,24.6152,1353.7,14.031727,0.002903,42,79683.6,30.4851,2613.86,12.494473,0.003802,1.27,0,1,0,0,0,1.537254,0.717669,0.819585,10.02,1.39,2,22,4,15,17.478,,,958.093,,4250,4.5,0,222,,,,12.242114,0.053251,19,,NOT_AVAILABLE,0,0,0.99987,4538.7,4487.1,4544.1,4.6624,4.66,4.6654,0.6881,0.5123,0.7351,173.2081,167.9332,174.0215,0.446,0.4141,0.4521,0.334,0.3101,0.3387,0.175,0.1627,0.1775,MARCS,82.09066484,1.683520427,0.231432,0.187541,-0.2814,0.093247
SSTSL2 J044117.26-703644.8,0,0,70.321954,-70.612457,282.670539,-36.088096,1,0,7,1,1,1,1,1,2,2,2,0,0,0,0,0,0,17990,11.15,11840,13.8,7457,22.63,4316,14.27,732.4,89.31,0,0,0,0,0,1.05,0.95,0.98,0,0,1446.8,768.2,279,334.3,8.2,0,0,0,0,N,1,0.8073,1.154,3.485,5.096,53.31,40019951,40019951-185,0,0,4.23,3.84,3.97,3.97,22.34,1218347849,1,70.32176,-70.61243,68050,1441,59160,1308,42150,892.9,Gaia DR3 4654877107220705920,70.32202524,-70.61248561,0,0,5,1.63615E+018,4.65488E+018,1379360836,0.0094,0.0115,4.026,0.0107,375.2841,19.202,17.729,0.012,-7.375,0.015,0.0339,0.2054,0.1498,-0.1029,0.1304,-0.034,0.15,0.2087,-0.1715,0.0204,303,303,301,2,0.4358,484.97,0.06,4.199,31,TRUE,1.51,,,,,,,,35,25,0.021237,39,0.0115,36.2,0,0,1.017,0,326,232358.9104,43.8814,5295.16,12.271969,0.002763,36,113633,65.74,1728.53,12.699779,0.00286,36,169946,45.0072,3775.98,11.672117,0.00379,1.22,0,0,0,0,0,1.027661,0.42781,0.599852,42.77,0.68,1,21,6,20,31.685,-0.15763,0.537048,952.416,10.43,5250,4,0,440,5.8481,7.7525,12,11.441457,0.009832,15,30.54394,NOT_AVAILABLE,0,0,0.999853,5688.5,5666.1,5710.5,4.5038,4.482,4.5302,-0.0281,-0.0506,-0.0042,242.5869,236.3829,245.0906,0.4894,0.4753,0.5026,0.4026,0.3907,0.4137,0.2157,0.2093,0.2216,MARCS,70.32178787,-70.61245283,0.186773,0.242469,0.0276,0.133621
SSTSL2 J012254.79+072435.5,0,0,20.72832,7.409862,136.496501,-54.630807,1,0,7,1,1,1,1,1,2,2,2,2,0,0,0,0,0,15710,6.816,10030,6.108,6857,11.2,3933,9.76,469.1,51.55,0,0,0,0,0,0.95,0.98,1.02,1.02,0,2086.5,1496.5,547.6,459.4,9.1,2,2,0,0,N,1,0.5102,0.6778,2.154,3.509,33.15,40023800,40023800-0,0,0,10.84,8.98,12.16,12.13,29.33,1146123584,1,20.72827,7.409901,37840,766.8,45040,871.2,34710,735.2,Gaia DR3 2566276807997873536,20.72847154,7.409749069,0,0,65,1.63615E+018,2.56628E+018,1719302679,0.0167,0.0126,7.2898,0.0195,374.7603,54.119,38.401,0.023,-38.134,0.016,0.3501,0.2092,0.1055,0.1848,-0.1106,0.1609,-0.0571,0.0216,0.1508,0.4677,261,0,261,0,0.7669,256.29,0,0,31,TRUE,1.355,,,,,,,,30,15,0.034612,36,0.01227,97.3,0,0,1.033,0,293,58707.02993,20.9555,2801.51,13.765641,0.002782,31,17707.8,33.9768,521.173,14.718133,0.003482,31,60293.1,68.8826,875.302,12.797227,0.003978,1.329,0,0,0,1,0,1.920906,0.952492,0.968414,-24.47,2.07,2,22,3,14,17.326,,,870.106,,4250,4.5,-2,100,,,,12.354924,0.01444,19,,VARIABLE,0,0,0.992964,4140.3,4137.5,4143.2,4.622,4.6195,4.6279,0.0749,0.0627,0.0877,136.3583,135.8587,136.8409,0.7002,0.6944,0.7064,0.4992,0.495,0.5038,0.2737,0.2715,0.2762,PHOENIX,20.72829943,7.409918555,0.369603,0.258244,0.4521,0.676723
SSTSL2 J142718.37-605825.7,1,0,216.826568,-60.973807,314.299312,-0.235693,1,0,7,1,1,1,1,1,2,2,2,2,0,0,0,0,0,113600,168.2,72360,103.6,49760,217.6,28250,115,3914,127.1,0,0,0,0,0,0.95,1.02,0.98,1.02,0,609.6,636.4,218.3,239.2,30.8,3,3,0,2,N,1,11.23,12.77,46.24,39.75,92.66,30002561,30002561-28747,0,0,1.85,3.27,2.28,4.64,17.24,945209033,1,216.8266,-60.97382,518600,10030,385800,11730,264500,5603,Gaia DR3 5878611008955328896,216.8265147,-60.97383406,0,0,178,1.63615E+018,5.87861E+018,1186206168,0.0073,0.0115,5.6836,0.0152,374.5299,7.732,-2.44,0.013,-7.337,0.015,-0.0319,-0.0285,-0.3398,0.1011,-0.0785,0.1661,-0.1552,-0.0014,-0.0042,0.0633,564,564,548,16,-5.7989,824.97,0.077,8.1093,31,TRUE,1.605,,,,,,,,64,22,0.020705,76,0.02141,165.5,0,0,0.829,1,628,2920232.543,429.825,6794.01,9.523824,0.00276,72,1714840,492.214,3483.94,9.752983,0.002808,71,1758720,403.078,4363.23,9.134902,0.003788,1.189,0,0,0,0,0,0.618081,0.229159,0.388922,,,,,,,,,,,,,,,,,,,,,,,NOT_AVAILABLE,0,0,0.992964,6423.4,6417.3,6430.3,4.1385,4.1362,4.1408,-0.4137,-0.4199,-0.4075,176.0047,175.4631,176.5432,0.0506,0.0472,0.0544,0.0441,0.041,0.0474,0.0238,0.0222,0.0256,MARCS,216.826537,-60.97380145,0.210358,0.239478,0.0506,0.134807
SSTSL2 J132510.49+580628.9,0,0,201.293719,58.108034,114.413107,58.458745,1,0,7,1,1,1,1,1,2,2,0,0,0,0,0,0,0,9926,9.637,6194,8.655,4151,18.3,2360,16.4,319.7,31.66,0,0,0,0,0,1.02,0.95,0,0,0,922.9,664,221.2,175.4,10.1,0,0,0,0,N,1,0.8941,1.332,5.567,4.762,20.41,50070681,50070681-6,0,0,4.11,2.87,3.86,2.97,111.09,615168154,1,201.2937,58.10801,28520,578,31160,401.8,22510,393.9,Gaia DR3 1566075063307667072,201.2938989,58.107995,0,0,35,1.63615E+018,1.56608E+018,51155133,0.0099,0.0103,4.5415,0.0122,373.6753,23.925,23.713,0.013,3.176,0.013,0.1144,-0.1848,-0.164,-0.0622,0.0146,-0.0861,-0.0485,0.0866,-0.1487,0.1862,414,0,413,1,3.0123,488.21,0.033,0.8247,31,TRUE,1.426,,,,,,,,48,28,0.019523,52,0.03282,96.51,0,0,1.106,0,419,68728.42777,11.2461,6111.31,13.594526,0.002761,46,26984.6,25.8934,1042.14,14.260752,0.002978,45,59527.4,45.8578,1298.09,12.811103,0.003871,1.259,0,5,0,2,0,1.449649,0.666225,0.783423,-17.07,1.37,2,20,6,16,14.228,,,893.409,,4250,4.5,0,222,,,,12.476561,0.036072,14,,NOT_AVAILABLE,0,0,0.99987,4549,4546.2,4550.5,4.6322,4.6285,4.6359,0.5735,0.5607,0.5851,217.2058,216.7147,217.7132,0.2775,0.274,0.2809,0.2097,0.207,0.2123,0.1096,0.1082,0.111,MARCS,201.2936994,58.10798088,0.20862,0.206761,0.1914,0.369842
